would reformat /Users/dingjunqing/Desktop/Lirix/.venv_ci312/lib/python3.12/site-packages/Crypto/Cipher/Blowfish.pyi
would reformat /Users/dingjunqing/Desktop/Lirix/.venv_ci312/lib/python3.12/site-packages/Crypto/Cipher/ARC2.pyi
would reformat /Users/dingjunqing/Desktop/Lirix/.venv_ci312/lib/python3.12/site-packages/Crypto/Cipher/ChaCha20.pyi
would reformat /Users/dingjunqing/Desktop/Lirix/.venv_ci312/lib/python3.12/site-packages/Crypto/Cipher/ARC4.pyi
would reformat /Users/dingjunqing/Desktop/Lirix/.venv_ci312/lib/python3.12/site-packages/Crypto/Cipher/ChaCha20_Poly1305.pyi
would reformat /Users/dingjunqing/Desktop/Lirix/.venv_ci312/lib/python3.12/site-packages/Crypto/Cipher/CAST.pyi
would reformat /Users/dingjunqing/Desktop/Lirix/.venv_ci312/lib/python3.12/site-packages/Crypto/Cipher/CAST.py
would reformat /Users/dingjunqing/Desktop/Lirix/.venv_ci312/lib/python3.12/site-packages/Crypto/Cipher/ARC2.py
would reformat /Users/dingjunqing/Desktop/Lirix/.venv_ci312/lib/python3.12/site-packages/Crypto/Cipher/Blowfish.py
would reformat /Users/dingjunqing/Desktop/Lirix/.venv_ci312/lib/python3.12/site-packages/Crypto/Cipher/DES.py
would reformat /Users/dingjunqing/Desktop/Lirix/.venv_ci312/lib/python3.12/site-packages/Crypto/Cipher/ARC4.py
would reformat /Users/dingjunqing/Desktop/Lirix/.venv_ci312/lib/python3.12/site-packages/Crypto/Cipher/DES.pyi
would reformat /Users/dingjunqing/Desktop/Lirix/.venv_ci312/lib/python3.12/site-packages/Crypto/Cipher/PKCS1_OAEP.pyi
would reformat /Users/dingjunqing/Desktop/Lirix/.venv_ci312/lib/python3.12/site-packages/Crypto/Cipher/AES.py
would reformat /Users/dingjunqing/Desktop/Lirix/.venv_ci312/lib/python3.12/site-packages/Crypto/Cipher/DES3.pyi
would reformat /Users/dingjunqing/Desktop/Lirix/.venv_ci312/lib/python3.12/site-packages/Crypto/Cipher/PKCS1_v1_5.pyi
would reformat /Users/dingjunqing/Desktop/Lirix/.venv_ci312/lib/python3.12/site-packages/Crypto/Cipher/ChaCha20.py
would reformat /Users/dingjunqing/Desktop/Lirix/.venv_ci312/lib/python3.12/site-packages/Crypto/Cipher/_EKSBlowfish.pyi
would reformat /Users/dingjunqing/Desktop/Lirix/.venv_ci312/lib/python3.12/site-packages/Crypto/Cipher/Salsa20.pyi
would reformat /Users/dingjunqing/Desktop/Lirix/.venv_ci312/lib/python3.12/site-packages/Crypto/Cipher/DES3.py
would reformat /Users/dingjunqing/Desktop/Lirix/.venv_ci312/lib/python3.12/site-packages/Crypto/Cipher/AES.pyi
would reformat /Users/dingjunqing/Desktop/Lirix/.venv_ci312/lib/python3.12/site-packages/Crypto/Cipher/_mode_cbc.pyi
would reformat /Users/dingjunqing/Desktop/Lirix/.venv_ci312/lib/python3.12/site-packages/Crypto/Cipher/_mode_ccm.pyi
would reformat /Users/dingjunqing/Desktop/Lirix/.venv_ci312/lib/python3.12/site-packages/Crypto/Cipher/PKCS1_v1_5.py
would reformat /Users/dingjunqing/Desktop/Lirix/.venv_ci312/lib/python3.12/site-packages/Crypto/Cipher/_mode_cfb.pyi
would reformat /Users/dingjunqing/Desktop/Lirix/.venv_ci312/lib/python3.12/site-packages/Crypto/Cipher/_mode_ctr.pyi
would reformat /Users/dingjunqing/Desktop/Lirix/.venv_ci312/lib/python3.12/site-packages/Crypto/Cipher/ChaCha20_Poly1305.py
would reformat /Users/dingjunqing/Desktop/Lirix/.venv_ci312/lib/python3.12/site-packages/Crypto/Cipher/PKCS1_OAEP.py
would reformat /Users/dingjunqing/Desktop/Lirix/.venv_ci312/lib/python3.12/site-packages/Crypto/Cipher/_mode_ecb.pyi
would reformat /Users/dingjunqing/Desktop/Lirix/.venv_ci312/lib/python3.12/site-packages/Crypto/Cipher/_mode_eax.pyi
would reformat /Users/dingjunqing/Desktop/Lirix/.venv_ci312/lib/python3.12/site-packages/Crypto/Cipher/_EKSBlowfish.py
would reformat /Users/dingjunqing/Desktop/Lirix/.venv_ci312/lib/python3.12/site-packages/Crypto/Cipher/Salsa20.py
would reformat /Users/dingjunqing/Desktop/Lirix/.venv_ci312/lib/python3.12/site-packages/Crypto/Cipher/_mode_cbc.py
would reformat /Users/dingjunqing/Desktop/Lirix/.venv_ci312/lib/python3.12/site-packages/Crypto/Cipher/__init__.py
would reformat /Users/dingjunqing/Desktop/Lirix/.venv_ci312/lib/python3.12/site-packages/Crypto/Cipher/_mode_gcm.pyi
would reformat /Users/dingjunqing/Desktop/Lirix/.venv_ci312/lib/python3.12/site-packages/Crypto/Cipher/_mode_ocb.pyi
would reformat /Users/dingjunqing/Desktop/Lirix/.venv_ci312/lib/python3.12/site-packages/Crypto/Cipher/_mode_cfb.py
would reformat /Users/dingjunqing/Desktop/Lirix/.venv_ci312/lib/python3.12/site-packages/Crypto/Cipher/_mode_ecb.py
would reformat /Users/dingjunqing/Desktop/Lirix/.venv_ci312/lib/python3.12/site-packages/Crypto/Cipher/_mode_openpgp.pyi
would reformat /Users/dingjunqing/Desktop/Lirix/.venv_ci312/lib/python3.12/site-packages/Crypto/Cipher/_mode_kw.py
would reformat /Users/dingjunqing/Desktop/Lirix/.venv_ci312/lib/python3.12/site-packages/Crypto/Cipher/_pkcs1_oaep_decode.py
would reformat /Users/dingjunqing/Desktop/Lirix/.venv_ci312/lib/python3.12/site-packages/Crypto/Cipher/_mode_kwp.py
would reformat /Users/dingjunqing/Desktop/Lirix/.venv_ci312/lib/python3.12/site-packages/Crypto/Cipher/_mode_ofb.pyi
would reformat /Users/dingjunqing/Desktop/Lirix/.venv_ci312/lib/python3.12/site-packages/Crypto/Cipher/_mode_ofb.py
would reformat /Users/dingjunqing/Desktop/Lirix/.venv_ci312/lib/python3.12/site-packages/Crypto/Cipher/_mode_eax.py
would reformat /Users/dingjunqing/Desktop/Lirix/.venv_ci312/lib/python3.12/site-packages/Crypto/Cipher/_mode_siv.pyi
would reformat /Users/dingjunqing/Desktop/Lirix/.venv_ci312/lib/python3.12/site-packages/Crypto/Cipher/_mode_openpgp.py
would reformat /Users/dingjunqing/Desktop/Lirix/.venv_ci312/lib/python3.12/site-packages/Crypto/Hash/BLAKE2b.pyi
would reformat /Users/dingjunqing/Desktop/Lirix/.venv_ci312/lib/python3.12/site-packages/Crypto/Cipher/_mode_ctr.py
would reformat /Users/dingjunqing/Desktop/Lirix/.venv_ci312/lib/python3.12/site-packages/Crypto/Hash/BLAKE2s.pyi
would reformat /Users/dingjunqing/Desktop/Lirix/.venv_ci312/lib/python3.12/site-packages/Crypto/Hash/CMAC.pyi
would reformat /Users/dingjunqing/Desktop/Lirix/.venv_ci312/lib/python3.12/site-packages/Crypto/Hash/HMAC.pyi
would reformat /Users/dingjunqing/Desktop/Lirix/.venv_ci312/lib/python3.12/site-packages/Crypto/Cipher/_mode_siv.py
would reformat /Users/dingjunqing/Desktop/Lirix/.venv_ci312/lib/python3.12/site-packages/Crypto/Hash/KMAC128.pyi
would reformat /Users/dingjunqing/Desktop/Lirix/.venv_ci312/lib/python3.12/site-packages/Crypto/Hash/KangarooTwelve.pyi
would reformat /Users/dingjunqing/Desktop/Lirix/.venv_ci312/lib/python3.12/site-packages/Crypto/Hash/HMAC.py
would reformat /Users/dingjunqing/Desktop/Lirix/.venv_ci312/lib/python3.12/site-packages/Crypto/Hash/MD4.pyi
would reformat /Users/dingjunqing/Desktop/Lirix/.venv_ci312/lib/python3.12/site-packages/Crypto/Hash/BLAKE2b.py
would reformat /Users/dingjunqing/Desktop/Lirix/.venv_ci312/lib/python3.12/site-packages/Crypto/Hash/KMAC256.pyi
would reformat /Users/dingjunqing/Desktop/Lirix/.venv_ci312/lib/python3.12/site-packages/Crypto/Hash/MD2.pyi
would reformat /Users/dingjunqing/Desktop/Lirix/.venv_ci312/lib/python3.12/site-packages/Crypto/Hash/MD4.py
would reformat /Users/dingjunqing/Desktop/Lirix/.venv_ci312/lib/python3.12/site-packages/Crypto/Cipher/_mode_ccm.py
would reformat /Users/dingjunqing/Desktop/Lirix/.venv_ci312/lib/python3.12/site-packages/Crypto/Hash/KMAC128.py
would reformat /Users/dingjunqing/Desktop/Lirix/.venv_ci312/lib/python3.12/site-packages/Crypto/Cipher/_mode_ocb.py
would reformat /Users/dingjunqing/Desktop/Lirix/.venv_ci312/lib/python3.12/site-packages/Crypto/Hash/MD5.pyi
would reformat /Users/dingjunqing/Desktop/Lirix/.venv_ci312/lib/python3.12/site-packages/Crypto/Hash/RIPEMD.pyi
would reformat /Users/dingjunqing/Desktop/Lirix/.venv_ci312/lib/python3.12/site-packages/Crypto/Hash/BLAKE2s.py
would reformat /Users/dingjunqing/Desktop/Lirix/.venv_ci312/lib/python3.12/site-packages/Crypto/Hash/MD2.py
would reformat /Users/dingjunqing/Desktop/Lirix/.venv_ci312/lib/python3.12/site-packages/Crypto/Hash/RIPEMD160.pyi
would reformat /Users/dingjunqing/Desktop/Lirix/.venv_ci312/lib/python3.12/site-packages/Crypto/Hash/Poly1305.pyi
would reformat /Users/dingjunqing/Desktop/Lirix/.venv_ci312/lib/python3.12/site-packages/Crypto/Hash/SHA1.pyi
would reformat /Users/dingjunqing/Desktop/Lirix/.venv_ci312/lib/python3.12/site-packages/Crypto/Hash/SHA224.pyi
would reformat /Users/dingjunqing/Desktop/Lirix/.venv_ci312/lib/python3.12/site-packages/Crypto/Hash/RIPEMD160.py
would reformat /Users/dingjunqing/Desktop/Lirix/.venv_ci312/lib/python3.12/site-packages/Crypto/Hash/SHA256.pyi
would reformat /Users/dingjunqing/Desktop/Lirix/.venv_ci312/lib/python3.12/site-packages/Crypto/Hash/SHA384.pyi
would reformat /Users/dingjunqing/Desktop/Lirix/.venv_ci312/lib/python3.12/site-packages/Crypto/Cipher/_mode_gcm.py
would reformat /Users/dingjunqing/Desktop/Lirix/.venv_ci312/lib/python3.12/site-packages/Crypto/Hash/SHA1.py
would reformat /Users/dingjunqing/Desktop/Lirix/.venv_ci312/lib/python3.12/site-packages/Crypto/Hash/MD5.py
would reformat /Users/dingjunqing/Desktop/Lirix/.venv_ci312/lib/python3.12/site-packages/Crypto/Hash/CMAC.py
would reformat /Users/dingjunqing/Desktop/Lirix/.venv_ci312/lib/python3.12/site-packages/Crypto/Hash/KangarooTwelve.py
would reformat /Users/dingjunqing/Desktop/Lirix/.venv_ci312/lib/python3.12/site-packages/Crypto/Hash/Poly1305.py
would reformat /Users/dingjunqing/Desktop/Lirix/.venv_ci312/lib/python3.12/site-packages/Crypto/Hash/SHA512.pyi
would reformat /Users/dingjunqing/Desktop/Lirix/.venv_ci312/lib/python3.12/site-packages/Crypto/Hash/SHAKE256.pyi
would reformat /Users/dingjunqing/Desktop/Lirix/.venv_ci312/lib/python3.12/site-packages/Crypto/Hash/TupleHash256.pyi
would reformat /Users/dingjunqing/Desktop/Lirix/.venv_ci312/lib/python3.12/site-packages/Crypto/Hash/SHAKE128.py
would reformat /Users/dingjunqing/Desktop/Lirix/.venv_ci312/lib/python3.12/site-packages/Crypto/Hash/SHA256.py
would reformat /Users/dingjunqing/Desktop/Lirix/.venv_ci312/lib/python3.12/site-packages/Crypto/Hash/SHAKE128.pyi
would reformat /Users/dingjunqing/Desktop/Lirix/.venv_ci312/lib/python3.12/site-packages/Crypto/Hash/SHA224.py
would reformat /Users/dingjunqing/Desktop/Lirix/.venv_ci312/lib/python3.12/site-packages/Crypto/Hash/SHA384.py
would reformat /Users/dingjunqing/Desktop/Lirix/.venv_ci312/lib/python3.12/site-packages/Crypto/Hash/TupleHash128.pyi
would reformat /Users/dingjunqing/Desktop/Lirix/.venv_ci312/lib/python3.12/site-packages/Crypto/Hash/SHA512.py
would reformat /Users/dingjunqing/Desktop/Lirix/.venv_ci312/lib/python3.12/site-packages/Crypto/Hash/TurboSHAKE128.pyi
would reformat /Users/dingjunqing/Desktop/Lirix/.venv_ci312/lib/python3.12/site-packages/Crypto/Hash/TurboSHAKE256.py
would reformat /Users/dingjunqing/Desktop/Lirix/.venv_ci312/lib/python3.12/site-packages/Crypto/Hash/SHA3_256.py
would reformat /Users/dingjunqing/Desktop/Lirix/.venv_ci312/lib/python3.12/site-packages/Crypto/Hash/SHA3_384.py
would reformat /Users/dingjunqing/Desktop/Lirix/.venv_ci312/lib/python3.12/site-packages/Crypto/Hash/TupleHash256.py
would reformat /Users/dingjunqing/Desktop/Lirix/.venv_ci312/lib/python3.12/site-packages/Crypto/Hash/SHA3_224.py
would reformat /Users/dingjunqing/Desktop/Lirix/.venv_ci312/lib/python3.12/site-packages/Crypto/Hash/cSHAKE256.py
would reformat /Users/dingjunqing/Desktop/Lirix/.venv_ci312/lib/python3.12/site-packages/Crypto/Hash/cSHAKE256.pyi
would reformat /Users/dingjunqing/Desktop/Lirix/.venv_ci312/lib/python3.12/site-packages/Crypto/Hash/TupleHash128.py
would reformat /Users/dingjunqing/Desktop/Lirix/.venv_ci312/lib/python3.12/site-packages/Crypto/Hash/keccak.pyi
would reformat /Users/dingjunqing/Desktop/Lirix/.venv_ci312/lib/python3.12/site-packages/Crypto/Hash/SHA3_512.py
would reformat /Users/dingjunqing/Desktop/Lirix/.venv_ci312/lib/python3.12/site-packages/Crypto/IO/PEM.pyi
would reformat /Users/dingjunqing/Desktop/Lirix/.venv_ci312/lib/python3.12/site-packages/Crypto/Hash/cSHAKE128.pyi
would reformat /Users/dingjunqing/Desktop/Lirix/.venv_ci312/lib/python3.12/site-packages/Crypto/IO/PKCS8.pyi
would reformat /Users/dingjunqing/Desktop/Lirix/.venv_ci312/lib/python3.12/site-packages/Crypto/Hash/__init__.py
would reformat /Users/dingjunqing/Desktop/Lirix/.venv_ci312/lib/python3.12/site-packages/Crypto/Math/Numbers.pyi
would reformat /Users/dingjunqing/Desktop/Lirix/.venv_ci312/lib/python3.12/site-packages/Crypto/IO/_PBES.pyi
would reformat /Users/dingjunqing/Desktop/Lirix/.venv_ci312/lib/python3.12/site-packages/Crypto/IO/__init__.py
would reformat /Users/dingjunqing/Desktop/Lirix/.venv_ci312/lib/python3.12/site-packages/Crypto/Hash/SHAKE256.py
would reformat /Users/dingjunqing/Desktop/Lirix/.venv_ci312/lib/python3.12/site-packages/Crypto/Math/Numbers.py
would reformat /Users/dingjunqing/Desktop/Lirix/.venv_ci312/lib/python3.12/site-packages/Crypto/Hash/keccak.py
would reformat /Users/dingjunqing/Desktop/Lirix/.venv_ci312/lib/python3.12/site-packages/Crypto/Math/_IntegerGMP.pyi
would reformat /Users/dingjunqing/Desktop/Lirix/.venv_ci312/lib/python3.12/site-packages/Crypto/Hash/TurboSHAKE128.py
would reformat /Users/dingjunqing/Desktop/Lirix/.venv_ci312/lib/python3.12/site-packages/Crypto/Math/Primality.pyi
would reformat /Users/dingjunqing/Desktop/Lirix/.venv_ci312/lib/python3.12/site-packages/Crypto/Hash/cSHAKE128.py
would reformat /Users/dingjunqing/Desktop/Lirix/.venv_ci312/lib/python3.12/site-packages/Crypto/Math/_IntegerNative.pyi
would reformat /Users/dingjunqing/Desktop/Lirix/.venv_ci312/lib/python3.12/site-packages/Crypto/IO/PKCS8.py
would reformat /Users/dingjunqing/Desktop/Lirix/.venv_ci312/lib/python3.12/site-packages/Crypto/IO/PEM.py
would reformat /Users/dingjunqing/Desktop/Lirix/.venv_ci312/lib/python3.12/site-packages/Crypto/Math/_IntegerCustom.py
would reformat /Users/dingjunqing/Desktop/Lirix/.venv_ci312/lib/python3.12/site-packages/Crypto/Protocol/DH.pyi
would reformat /Users/dingjunqing/Desktop/Lirix/.venv_ci312/lib/python3.12/site-packages/Crypto/Protocol/DH.py
would reformat /Users/dingjunqing/Desktop/Lirix/.venv_ci312/lib/python3.12/site-packages/Crypto/Math/_IntegerBase.py
would reformat /Users/dingjunqing/Desktop/Lirix/.venv_ci312/lib/python3.12/site-packages/Crypto/Protocol/SecretSharing.pyi
would reformat /Users/dingjunqing/Desktop/Lirix/.venv_ci312/lib/python3.12/site-packages/Crypto/Math/_IntegerBase.pyi
would reformat /Users/dingjunqing/Desktop/Lirix/.venv_ci312/lib/python3.12/site-packages/Crypto/Math/Primality.py
would reformat /Users/dingjunqing/Desktop/Lirix/.venv_ci312/lib/python3.12/site-packages/Crypto/Protocol/__init__.py
would reformat /Users/dingjunqing/Desktop/Lirix/.venv_ci312/lib/python3.12/site-packages/Crypto/Protocol/KDF.pyi
would reformat /Users/dingjunqing/Desktop/Lirix/.venv_ci312/lib/python3.12/site-packages/Crypto/Protocol/__init__.pyi
would reformat /Users/dingjunqing/Desktop/Lirix/.venv_ci312/lib/python3.12/site-packages/Crypto/PublicKey/DSA.pyi
would reformat /Users/dingjunqing/Desktop/Lirix/.venv_ci312/lib/python3.12/site-packages/Crypto/Math/_IntegerNative.py
would reformat /Users/dingjunqing/Desktop/Lirix/.venv_ci312/lib/python3.12/site-packages/Crypto/PublicKey/ECC.pyi
would reformat /Users/dingjunqing/Desktop/Lirix/.venv_ci312/lib/python3.12/site-packages/Crypto/PublicKey/ElGamal.pyi
would reformat /Users/dingjunqing/Desktop/Lirix/.venv_ci312/lib/python3.12/site-packages/Crypto/Protocol/SecretSharing.py
would reformat /Users/dingjunqing/Desktop/Lirix/.venv_ci312/lib/python3.12/site-packages/Crypto/PublicKey/RSA.pyi
would reformat /Users/dingjunqing/Desktop/Lirix/.venv_ci312/lib/python3.12/site-packages/Crypto/PublicKey/_curve.py
would reformat /Users/dingjunqing/Desktop/Lirix/.venv_ci312/lib/python3.12/site-packages/Crypto/Protocol/KDF.py
would reformat /Users/dingjunqing/Desktop/Lirix/.venv_ci312/lib/python3.12/site-packages/Crypto/PublicKey/__init__.py
would reformat /Users/dingjunqing/Desktop/Lirix/.venv_ci312/lib/python3.12/site-packages/Crypto/PublicKey/ElGamal.py
would reformat /Users/dingjunqing/Desktop/Lirix/.venv_ci312/lib/python3.12/site-packages/Crypto/IO/_PBES.py
would reformat /Users/dingjunqing/Desktop/Lirix/.venv_ci312/lib/python3.12/site-packages/Crypto/PublicKey/_edwards.py
would reformat /Users/dingjunqing/Desktop/Lirix/.venv_ci312/lib/python3.12/site-packages/Crypto/Protocol/HPKE.py
would reformat /Users/dingjunqing/Desktop/Lirix/.venv_ci312/lib/python3.12/site-packages/Crypto/Random/__init__.py
would reformat /Users/dingjunqing/Desktop/Lirix/.venv_ci312/lib/python3.12/site-packages/Crypto/Random/__init__.pyi
would reformat /Users/dingjunqing/Desktop/Lirix/.venv_ci312/lib/python3.12/site-packages/Crypto/PublicKey/_point.pyi
would reformat /Users/dingjunqing/Desktop/Lirix/.venv_ci312/lib/python3.12/site-packages/Crypto/PublicKey/_montgomery.py
would reformat /Users/dingjunqing/Desktop/Lirix/.venv_ci312/lib/python3.12/site-packages/Crypto/PublicKey/_openssh.py
would reformat /Users/dingjunqing/Desktop/Lirix/.venv_ci312/lib/python3.12/site-packages/Crypto/Random/random.pyi
would reformat /Users/dingjunqing/Desktop/Lirix/.venv_ci312/lib/python3.12/site-packages/Crypto/PublicKey/_nist_ecc.py
would reformat /Users/dingjunqing/Desktop/Lirix/.venv_ci312/lib/python3.12/site-packages/Crypto/Math/_IntegerGMP.py
would reformat /Users/dingjunqing/Desktop/Lirix/.venv_ci312/lib/python3.12/site-packages/Crypto/Random/random.py
would reformat /Users/dingjunqing/Desktop/Lirix/.venv_ci312/lib/python3.12/site-packages/Crypto/SelfTest/Cipher/__init__.py
would reformat /Users/dingjunqing/Desktop/Lirix/.venv_ci312/lib/python3.12/site-packages/Crypto/PublicKey/DSA.py
would reformat /Users/dingjunqing/Desktop/Lirix/.venv_ci312/lib/python3.12/site-packages/Crypto/SelfTest/Cipher/test_ARC2.py
would reformat /Users/dingjunqing/Desktop/Lirix/.venv_ci312/lib/python3.12/site-packages/Crypto/SelfTest/Cipher/test_CAST.py
would reformat /Users/dingjunqing/Desktop/Lirix/.venv_ci312/lib/python3.12/site-packages/Crypto/PublicKey/RSA.py
would reformat /Users/dingjunqing/Desktop/Lirix/.venv_ci312/lib/python3.12/site-packages/Crypto/SelfTest/Cipher/test_Blowfish.py
would reformat /Users/dingjunqing/Desktop/Lirix/.venv_ci312/lib/python3.12/site-packages/Crypto/PublicKey/_point.py
would reformat /Users/dingjunqing/Desktop/Lirix/.venv_ci312/lib/python3.12/site-packages/Crypto/SelfTest/Cipher/test_ARC4.py
would reformat /Users/dingjunqing/Desktop/Lirix/.venv_ci312/lib/python3.12/site-packages/Crypto/SelfTest/Cipher/common.py
would reformat /Users/dingjunqing/Desktop/Lirix/.venv_ci312/lib/python3.12/site-packages/Crypto/SelfTest/Cipher/test_CBC.py
would reformat /Users/dingjunqing/Desktop/Lirix/.venv_ci312/lib/python3.12/site-packages/Crypto/SelfTest/Cipher/test_CFB.py
would reformat /Users/dingjunqing/Desktop/Lirix/.venv_ci312/lib/python3.12/site-packages/Crypto/PublicKey/ECC.py
would reformat /Users/dingjunqing/Desktop/Lirix/.venv_ci312/lib/python3.12/site-packages/Crypto/SelfTest/Cipher/test_ChaCha20.py
would reformat /Users/dingjunqing/Desktop/Lirix/.venv_ci312/lib/python3.12/site-packages/Crypto/SelfTest/Cipher/test_CTR.py
would reformat /Users/dingjunqing/Desktop/Lirix/.venv_ci312/lib/python3.12/site-packages/Crypto/SelfTest/Cipher/test_KW.py
would reformat /Users/dingjunqing/Desktop/Lirix/.venv_ci312/lib/python3.12/site-packages/Crypto/SelfTest/Cipher/test_DES3.py
would reformat /Users/dingjunqing/Desktop/Lirix/.venv_ci312/lib/python3.12/site-packages/Crypto/SelfTest/Cipher/test_OpenPGP.py
would reformat /Users/dingjunqing/Desktop/Lirix/.venv_ci312/lib/python3.12/site-packages/Crypto/SelfTest/Cipher/test_OFB.py
would reformat /Users/dingjunqing/Desktop/Lirix/.venv_ci312/lib/python3.12/site-packages/Crypto/SelfTest/Cipher/test_DES.py
would reformat /Users/dingjunqing/Desktop/Lirix/.venv_ci312/lib/python3.12/site-packages/Crypto/SelfTest/Cipher/test_pkcs1_15.py
would reformat /Users/dingjunqing/Desktop/Lirix/.venv_ci312/lib/python3.12/site-packages/Crypto/SelfTest/Cipher/test_ChaCha20_Poly1305.py
would reformat /Users/dingjunqing/Desktop/Lirix/.venv_ci312/lib/python3.12/site-packages/Crypto/SelfTest/Hash/__init__.py
would reformat /Users/dingjunqing/Desktop/Lirix/.venv_ci312/lib/python3.12/site-packages/Crypto/SelfTest/Cipher/test_pkcs1_oaep.py
would reformat /Users/dingjunqing/Desktop/Lirix/.venv_ci312/lib/python3.12/site-packages/Crypto/SelfTest/Cipher/test_Salsa20.py
would reformat /Users/dingjunqing/Desktop/Lirix/.venv_ci312/lib/python3.12/site-packages/Crypto/SelfTest/Cipher/test_CCM.py
would reformat /Users/dingjunqing/Desktop/Lirix/.venv_ci312/lib/python3.12/site-packages/Crypto/SelfTest/Hash/common.py
would reformat /Users/dingjunqing/Desktop/Lirix/.venv_ci312/lib/python3.12/site-packages/Crypto/SelfTest/Cipher/test_EAX.py
would reformat /Users/dingjunqing/Desktop/Lirix/.venv_ci312/lib/python3.12/site-packages/Crypto/SelfTest/Hash/test_MD2.py
would reformat /Users/dingjunqing/Desktop/Lirix/.venv_ci312/lib/python3.12/site-packages/Crypto/SelfTest/Hash/test_MD4.py
would reformat /Users/dingjunqing/Desktop/Lirix/.venv_ci312/lib/python3.12/site-packages/Crypto/SelfTest/Cipher/test_SIV.py
would reformat /Users/dingjunqing/Desktop/Lirix/.venv_ci312/lib/python3.12/site-packages/Crypto/SelfTest/Cipher/test_OCB.py
would reformat /Users/dingjunqing/Desktop/Lirix/.venv_ci312/lib/python3.12/site-packages/Crypto/SelfTest/Hash/test_KMAC.py
would reformat /Users/dingjunqing/Desktop/Lirix/.venv_ci312/lib/python3.12/site-packages/Crypto/SelfTest/Hash/test_MD5.py
would reformat /Users/dingjunqing/Desktop/Lirix/.venv_ci312/lib/python3.12/site-packages/Crypto/SelfTest/Hash/test_RIPEMD160.py
would reformat /Users/dingjunqing/Desktop/Lirix/.venv_ci312/lib/python3.12/site-packages/Crypto/SelfTest/Hash/test_CMAC.py
would reformat /Users/dingjunqing/Desktop/Lirix/.venv_ci312/lib/python3.12/site-packages/Crypto/SelfTest/Hash/test_SHA224.py
would reformat /Users/dingjunqing/Desktop/Lirix/.venv_ci312/lib/python3.12/site-packages/Crypto/SelfTest/Hash/test_SHA384.py
would reformat /Users/dingjunqing/Desktop/Lirix/.venv_ci312/lib/python3.12/site-packages/Crypto/SelfTest/Hash/test_HMAC.py
would reformat /Users/dingjunqing/Desktop/Lirix/.venv_ci312/lib/python3.12/site-packages/Crypto/SelfTest/Hash/test_SHA1.py
would reformat /Users/dingjunqing/Desktop/Lirix/.venv_ci312/lib/python3.12/site-packages/Crypto/SelfTest/Hash/test_SHA256.py
would reformat /Users/dingjunqing/Desktop/Lirix/.venv_ci312/lib/python3.12/site-packages/Crypto/SelfTest/Hash/test_BLAKE2.py
would reformat /Users/dingjunqing/Desktop/Lirix/.venv_ci312/lib/python3.12/site-packages/Crypto/SelfTest/Hash/test_SHA3_512.py
would reformat /Users/dingjunqing/Desktop/Lirix/.venv_ci312/lib/python3.12/site-packages/Crypto/SelfTest/Hash/test_SHA3_256.py
would reformat /Users/dingjunqing/Desktop/Lirix/.venv_ci312/lib/python3.12/site-packages/Crypto/SelfTest/Cipher/test_GCM.py
would reformat /Users/dingjunqing/Desktop/Lirix/.venv_ci312/lib/python3.12/site-packages/Crypto/SelfTest/Hash/test_SHA512.py
would reformat /Users/dingjunqing/Desktop/Lirix/.venv_ci312/lib/python3.12/site-packages/Crypto/SelfTest/Hash/test_SHA3_224.py
would reformat /Users/dingjunqing/Desktop/Lirix/.venv_ci312/lib/python3.12/site-packages/Crypto/SelfTest/IO/__init__.py
would reformat /Users/dingjunqing/Desktop/Lirix/.venv_ci312/lib/python3.12/site-packages/Crypto/SelfTest/Cipher/test_AES.py
would reformat /Users/dingjunqing/Desktop/Lirix/.venv_ci312/lib/python3.12/site-packages/Crypto/SelfTest/Hash/test_SHAKE.py
would reformat /Users/dingjunqing/Desktop/Lirix/.venv_ci312/lib/python3.12/site-packages/Crypto/SelfTest/Hash/test_SHA3_384.py
would reformat /Users/dingjunqing/Desktop/Lirix/.venv_ci312/lib/python3.12/site-packages/Crypto/SelfTest/Math/__init__.py
would reformat /Users/dingjunqing/Desktop/Lirix/.venv_ci312/lib/python3.12/site-packages/Crypto/SelfTest/IO/test_PBES.py
would reformat /Users/dingjunqing/Desktop/Lirix/.venv_ci312/lib/python3.12/site-packages/Crypto/SelfTest/Hash/test_KangarooTwelve.py
would reformat /Users/dingjunqing/Desktop/Lirix/.venv_ci312/lib/python3.12/site-packages/Crypto/SelfTest/Hash/test_cSHAKE.py
would reformat /Users/dingjunqing/Desktop/Lirix/.venv_ci312/lib/python3.12/site-packages/Crypto/SelfTest/IO/test_PKCS8.py
would reformat /Users/dingjunqing/Desktop/Lirix/.venv_ci312/lib/python3.12/site-packages/Crypto/SelfTest/Hash/test_TupleHash.py
would reformat /Users/dingjunqing/Desktop/Lirix/.venv_ci312/lib/python3.12/site-packages/Crypto/SelfTest/Math/test_modmult.py
would reformat /Users/dingjunqing/Desktop/Lirix/.venv_ci312/lib/python3.12/site-packages/Crypto/SelfTest/Protocol/__init__.py
would reformat /Users/dingjunqing/Desktop/Lirix/.venv_ci312/lib/python3.12/site-packages/Crypto/SelfTest/Math/test_Primality.py
would reformat /Users/dingjunqing/Desktop/Lirix/.venv_ci312/lib/python3.12/site-packages/Crypto/SelfTest/Math/test_modexp.py
would reformat /Users/dingjunqing/Desktop/Lirix/.venv_ci312/lib/python3.12/site-packages/Crypto/SelfTest/PublicKey/__init__.py
would reformat /Users/dingjunqing/Desktop/Lirix/.venv_ci312/lib/python3.12/site-packages/Crypto/SelfTest/Hash/test_TurboSHAKE.py
would reformat /Users/dingjunqing/Desktop/Lirix/.venv_ci312/lib/python3.12/site-packages/Crypto/SelfTest/Protocol/test_rfc1751.py
would reformat /Users/dingjunqing/Desktop/Lirix/.venv_ci312/lib/python3.12/site-packages/Crypto/SelfTest/Hash/test_Poly1305.py
would reformat /Users/dingjunqing/Desktop/Lirix/.venv_ci312/lib/python3.12/site-packages/Crypto/SelfTest/Hash/test_keccak.py
would reformat /Users/dingjunqing/Desktop/Lirix/.venv_ci312/lib/python3.12/site-packages/Crypto/SelfTest/PublicKey/test_DSA.py
would reformat /Users/dingjunqing/Desktop/Lirix/.venv_ci312/lib/python3.12/site-packages/Crypto/SelfTest/Protocol/test_SecretSharing.py
would reformat /Users/dingjunqing/Desktop/Lirix/.venv_ci312/lib/python3.12/site-packages/Crypto/SelfTest/PublicKey/test_ECC_Curve448.py
would reformat /Users/dingjunqing/Desktop/Lirix/.venv_ci312/lib/python3.12/site-packages/Crypto/SelfTest/PublicKey/test_ECC_Curve25519.py
would reformat /Users/dingjunqing/Desktop/Lirix/.venv_ci312/lib/python3.12/site-packages/Crypto/SelfTest/PublicKey/test_ECC_Ed25519.py
would reformat /Users/dingjunqing/Desktop/Lirix/.venv_ci312/lib/python3.12/site-packages/Crypto/SelfTest/PublicKey/test_ElGamal.py
would reformat /Users/dingjunqing/Desktop/Lirix/.venv_ci312/lib/python3.12/site-packages/Crypto/SelfTest/Protocol/test_HPKE.py
would reformat /Users/dingjunqing/Desktop/Lirix/.venv_ci312/lib/python3.12/site-packages/Crypto/SelfTest/PublicKey/test_ECC_Ed448.py
would reformat /Users/dingjunqing/Desktop/Lirix/.venv_ci312/lib/python3.12/site-packages/Crypto/SelfTest/PublicKey/test_import_Curve25519.py
would reformat /Users/dingjunqing/Desktop/Lirix/.venv_ci312/lib/python3.12/site-packages/Crypto/SelfTest/PublicKey/test_RSA.py
would reformat /Users/dingjunqing/Desktop/Lirix/.venv_ci312/lib/python3.12/site-packages/Crypto/SelfTest/Random/__init__.py
would reformat /Users/dingjunqing/Desktop/Lirix/.venv_ci312/lib/python3.12/site-packages/Crypto/SelfTest/Signature/__init__.py
would reformat /Users/dingjunqing/Desktop/Lirix/.venv_ci312/lib/python3.12/site-packages/Crypto/SelfTest/Protocol/test_ecdh.py
would reformat /Users/dingjunqing/Desktop/Lirix/.venv_ci312/lib/python3.12/site-packages/Crypto/SelfTest/PublicKey/test_import_Curve448.py
would reformat /Users/dingjunqing/Desktop/Lirix/.venv_ci312/lib/python3.12/site-packages/Crypto/SelfTest/Random/test_random.py
would reformat /Users/dingjunqing/Desktop/Lirix/.venv_ci312/lib/python3.12/site-packages/Crypto/SelfTest/Protocol/test_KDF.py
would reformat /Users/dingjunqing/Desktop/Lirix/.venv_ci312/lib/python3.12/site-packages/Crypto/SelfTest/Util/__init__.py
would reformat /Users/dingjunqing/Desktop/Lirix/.venv_ci312/lib/python3.12/site-packages/Crypto/SelfTest/Util/test_Counter.py
would reformat /Users/dingjunqing/Desktop/Lirix/.venv_ci312/lib/python3.12/site-packages/Crypto/SelfTest/Signature/test_pkcs1_15.py
would reformat /Users/dingjunqing/Desktop/Lirix/.venv_ci312/lib/python3.12/site-packages/Crypto/SelfTest/Signature/test_eddsa.py
would reformat /Users/dingjunqing/Desktop/Lirix/.venv_ci312/lib/python3.12/site-packages/Crypto/SelfTest/PublicKey/test_import_DSA.py
would reformat /Users/dingjunqing/Desktop/Lirix/.venv_ci312/lib/python3.12/site-packages/Crypto/SelfTest/Util/test_rfc1751.py
would reformat /Users/dingjunqing/Desktop/Lirix/.venv_ci312/lib/python3.12/site-packages/Crypto/SelfTest/PublicKey/test_import_RSA.py
would reformat /Users/dingjunqing/Desktop/Lirix/.venv_ci312/lib/python3.12/site-packages/Crypto/SelfTest/Util/test_Padding.py
would reformat /Users/dingjunqing/Desktop/Lirix/.venv_ci312/lib/python3.12/site-packages/Crypto/SelfTest/__init__.py
would reformat /Users/dingjunqing/Desktop/Lirix/.venv_ci312/lib/python3.12/site-packages/Crypto/SelfTest/__main__.py
would reformat /Users/dingjunqing/Desktop/Lirix/.venv_ci312/lib/python3.12/site-packages/Crypto/SelfTest/st_common.py
would reformat /Users/dingjunqing/Desktop/Lirix/.venv_ci312/lib/python3.12/site-packages/Crypto/SelfTest/Signature/test_pss.py
would reformat /Users/dingjunqing/Desktop/Lirix/.venv_ci312/lib/python3.12/site-packages/Crypto/Signature/DSS.pyi
would reformat /Users/dingjunqing/Desktop/Lirix/.venv_ci312/lib/python3.12/site-packages/Crypto/SelfTest/Math/test_Numbers.py
would reformat /Users/dingjunqing/Desktop/Lirix/.venv_ci312/lib/python3.12/site-packages/Crypto/Signature/PKCS1_PSS.pyi
would reformat /Users/dingjunqing/Desktop/Lirix/.venv_ci312/lib/python3.12/site-packages/Crypto/Signature/PKCS1_v1_5.py
would reformat /Users/dingjunqing/Desktop/Lirix/.venv_ci312/lib/python3.12/site-packages/Crypto/Signature/PKCS1_v1_5.pyi
would reformat /Users/dingjunqing/Desktop/Lirix/.venv_ci312/lib/python3.12/site-packages/Crypto/Signature/__init__.py
would reformat /Users/dingjunqing/Desktop/Lirix/.venv_ci312/lib/python3.12/site-packages/Crypto/Signature/PKCS1_PSS.py
would reformat /Users/dingjunqing/Desktop/Lirix/.venv_ci312/lib/python3.12/site-packages/Crypto/SelfTest/Util/test_number.py
would reformat /Users/dingjunqing/Desktop/Lirix/.venv_ci312/lib/python3.12/site-packages/Crypto/Signature/eddsa.pyi
would reformat /Users/dingjunqing/Desktop/Lirix/.venv_ci312/lib/python3.12/site-packages/Crypto/Signature/pkcs1_15.pyi
would reformat /Users/dingjunqing/Desktop/Lirix/.venv_ci312/lib/python3.12/site-packages/Crypto/SelfTest/Util/test_strxor.py
would reformat /Users/dingjunqing/Desktop/Lirix/.venv_ci312/lib/python3.12/site-packages/Crypto/Signature/pss.pyi
would reformat /Users/dingjunqing/Desktop/Lirix/.venv_ci312/lib/python3.12/site-packages/Crypto/Util/Counter.py
would reformat /Users/dingjunqing/Desktop/Lirix/.venv_ci312/lib/python3.12/site-packages/Crypto/SelfTest/loader.py
would reformat /Users/dingjunqing/Desktop/Lirix/.venv_ci312/lib/python3.12/site-packages/Crypto/Util/Counter.pyi
would reformat /Users/dingjunqing/Desktop/Lirix/.venv_ci312/lib/python3.12/site-packages/Crypto/Util/Padding.pyi
would reformat /Users/dingjunqing/Desktop/Lirix/.venv_ci312/lib/python3.12/site-packages/Crypto/Signature/pkcs1_15.py
would reformat /Users/dingjunqing/Desktop/Lirix/.venv_ci312/lib/python3.12/site-packages/Crypto/Util/__init__.py
would reformat /Users/dingjunqing/Desktop/Lirix/.venv_ci312/lib/python3.12/site-packages/Crypto/Util/_cpu_features.py
would reformat /Users/dingjunqing/Desktop/Lirix/.venv_ci312/lib/python3.12/site-packages/Crypto/Util/Padding.py
would reformat /Users/dingjunqing/Desktop/Lirix/.venv_ci312/lib/python3.12/site-packages/Crypto/Util/_file_system.pyi
would reformat /Users/dingjunqing/Desktop/Lirix/.venv_ci312/lib/python3.12/site-packages/Crypto/Util/_file_system.py
would reformat /Users/dingjunqing/Desktop/Lirix/.venv_ci312/lib/python3.12/site-packages/Crypto/Signature/DSS.py
would reformat /Users/dingjunqing/Desktop/Lirix/.venv_ci312/lib/python3.12/site-packages/Crypto/Util/_raw_api.pyi
would reformat /Users/dingjunqing/Desktop/Lirix/.venv_ci312/lib/python3.12/site-packages/Crypto/Signature/eddsa.py
would reformat /Users/dingjunqing/Desktop/Lirix/.venv_ci312/lib/python3.12/site-packages/Crypto/Signature/pss.py
would reformat /Users/dingjunqing/Desktop/Lirix/.venv_ci312/lib/python3.12/site-packages/Crypto/Util/_raw_api.py
would reformat /Users/dingjunqing/Desktop/Lirix/.venv_ci312/lib/python3.12/site-packages/Crypto/Util/asn1.pyi
would reformat /Users/dingjunqing/Desktop/Lirix/.venv_ci312/lib/python3.12/site-packages/Crypto/Util/number.pyi
would reformat /Users/dingjunqing/Desktop/Lirix/.venv_ci312/lib/python3.12/site-packages/Crypto/Util/py3compat.pyi
would reformat /Users/dingjunqing/Desktop/Lirix/.venv_ci312/lib/python3.12/site-packages/Crypto/Util/strxor.pyi
would reformat /Users/dingjunqing/Desktop/Lirix/.venv_ci312/lib/python3.12/site-packages/Crypto/__init__.py
would reformat /Users/dingjunqing/Desktop/Lirix/.venv_ci312/lib/python3.12/site-packages/Crypto/__init__.pyi
would reformat /Users/dingjunqing/Desktop/Lirix/.venv_ci312/lib/python3.12/site-packages/Crypto/SelfTest/Signature/test_dss.py
would reformat /Users/dingjunqing/Desktop/Lirix/.venv_ci312/lib/python3.12/site-packages/Crypto/Util/py3compat.py
would reformat /Users/dingjunqing/Desktop/Lirix/.venv_ci312/lib/python3.12/site-packages/__editable___lirix_1_6_0_finder.py
would reformat /Users/dingjunqing/Desktop/Lirix/.venv_ci312/lib/python3.12/site-packages/Crypto/SelfTest/PublicKey/test_ECC_NIST.py
would reformat /Users/dingjunqing/Desktop/Lirix/.venv_ci312/lib/python3.12/site-packages/Crypto/Util/strxor.py
would reformat /Users/dingjunqing/Desktop/Lirix/.venv_ci312/lib/python3.12/site-packages/Crypto/SelfTest/Util/test_asn1.py
would reformat /Users/dingjunqing/Desktop/Lirix/.venv_ci312/lib/python3.12/site-packages/_pytest/_io/wcwidth.py
would reformat /Users/dingjunqing/Desktop/Lirix/.venv_ci312/lib/python3.12/site-packages/_pytest/_code/source.py
would reformat /Users/dingjunqing/Desktop/Lirix/.venv_ci312/lib/python3.12/site-packages/_pytest/_io/saferepr.py
would reformat /Users/dingjunqing/Desktop/Lirix/.venv_ci312/lib/python3.12/site-packages/_pytest/_py/error.py
would reformat /Users/dingjunqing/Desktop/Lirix/.venv_ci312/lib/python3.12/site-packages/_pytest/_version.py
error: cannot format /Users/dingjunqing/Desktop/Lirix/.venv_ci312/lib/python3.12/site-packages/_pytest/assertion/rewrite.py: Cannot parse for target version Python 3.9: 706:18:             match item:
would reformat /Users/dingjunqing/Desktop/Lirix/.venv_ci312/lib/python3.12/site-packages/_pytest/assertion/__init__.py
would reformat /Users/dingjunqing/Desktop/Lirix/.venv_ci312/lib/python3.12/site-packages/_pytest/assertion/truncate.py
would reformat /Users/dingjunqing/Desktop/Lirix/.venv_ci312/lib/python3.12/site-packages/Crypto/Util/asn1.py
would reformat /Users/dingjunqing/Desktop/Lirix/.venv_ci312/lib/python3.12/site-packages/_pytest/_io/terminalwriter.py
would reformat /Users/dingjunqing/Desktop/Lirix/.venv_ci312/lib/python3.12/site-packages/Crypto/Util/RFC1751.py
would reformat /Users/dingjunqing/Desktop/Lirix/.venv_ci312/lib/python3.12/site-packages/_pytest/compat.py
would reformat /Users/dingjunqing/Desktop/Lirix/.venv_ci312/lib/python3.12/site-packages/_pytest/_io/pprint.py
would reformat /Users/dingjunqing/Desktop/Lirix/.venv_ci312/lib/python3.12/site-packages/_pytest/assertion/util.py
would reformat /Users/dingjunqing/Desktop/Lirix/.venv_ci312/lib/python3.12/site-packages/_pytest/config/findpaths.py
would reformat /Users/dingjunqing/Desktop/Lirix/.venv_ci312/lib/python3.12/site-packages/_pytest/cacheprovider.py
would reformat /Users/dingjunqing/Desktop/Lirix/.venv_ci312/lib/python3.12/site-packages/_pytest/deprecated.py
would reformat /Users/dingjunqing/Desktop/Lirix/.venv_ci312/lib/python3.12/site-packages/_pytest/config/argparsing.py
would reformat /Users/dingjunqing/Desktop/Lirix/.venv_ci312/lib/python3.12/site-packages/_pytest/faulthandler.py
would reformat /Users/dingjunqing/Desktop/Lirix/.venv_ci312/lib/python3.12/site-packages/_pytest/debugging.py
would reformat /Users/dingjunqing/Desktop/Lirix/.venv_ci312/lib/python3.12/site-packages/_pytest/capture.py
would reformat /Users/dingjunqing/Desktop/Lirix/.venv_ci312/lib/python3.12/site-packages/_pytest/helpconfig.py
would reformat /Users/dingjunqing/Desktop/Lirix/.venv_ci312/lib/python3.12/site-packages/_pytest/_code/code.py
would reformat /Users/dingjunqing/Desktop/Lirix/.venv_ci312/lib/python3.12/site-packages/_pytest/_py/path.py
would reformat /Users/dingjunqing/Desktop/Lirix/.venv_ci312/lib/python3.12/site-packages/_pytest/doctest.py
would reformat /Users/dingjunqing/Desktop/Lirix/.venv_ci312/lib/python3.12/site-packages/_pytest/legacypath.py
would reformat /Users/dingjunqing/Desktop/Lirix/.venv_ci312/lib/python3.12/site-packages/_pytest/hookspec.py
would reformat /Users/dingjunqing/Desktop/Lirix/.venv_ci312/lib/python3.12/site-packages/Crypto/SelfTest/PublicKey/test_import_ECC.py
would reformat /Users/dingjunqing/Desktop/Lirix/.venv_ci312/lib/python3.12/site-packages/_pytest/mark/__init__.py
would reformat /Users/dingjunqing/Desktop/Lirix/.venv_ci312/lib/python3.12/site-packages/_pytest/mark/expression.py
would reformat /Users/dingjunqing/Desktop/Lirix/.venv_ci312/lib/python3.12/site-packages/_pytest/junitxml.py
would reformat /Users/dingjunqing/Desktop/Lirix/.venv_ci312/lib/python3.12/site-packages/_pytest/outcomes.py
would reformat /Users/dingjunqing/Desktop/Lirix/.venv_ci312/lib/python3.12/site-packages/_pytest/pastebin.py
would reformat /Users/dingjunqing/Desktop/Lirix/.venv_ci312/lib/python3.12/site-packages/_pytest/logging.py
would reformat /Users/dingjunqing/Desktop/Lirix/.venv_ci312/lib/python3.12/site-packages/_pytest/mark/structures.py
would reformat /Users/dingjunqing/Desktop/Lirix/.venv_ci312/lib/python3.12/site-packages/_pytest/monkeypatch.py
would reformat /Users/dingjunqing/Desktop/Lirix/.venv_ci312/lib/python3.12/site-packages/_pytest/nodes.py
would reformat /Users/dingjunqing/Desktop/Lirix/.venv_ci312/lib/python3.12/site-packages/_pytest/config/__init__.py
would reformat /Users/dingjunqing/Desktop/Lirix/.venv_ci312/lib/python3.12/site-packages/_pytest/main.py
would reformat /Users/dingjunqing/Desktop/Lirix/.venv_ci312/lib/python3.12/site-packages/_pytest/python_api.py
would reformat /Users/dingjunqing/Desktop/Lirix/.venv_ci312/lib/python3.12/site-packages/_pytest/recwarn.py
would reformat /Users/dingjunqing/Desktop/Lirix/.venv_ci312/lib/python3.12/site-packages/_pytest/fixtures.py
would reformat /Users/dingjunqing/Desktop/Lirix/.venv_ci312/lib/python3.12/site-packages/_pytest/scope.py
would reformat /Users/dingjunqing/Desktop/Lirix/.venv_ci312/lib/python3.12/site-packages/_pytest/setupplan.py
would reformat /Users/dingjunqing/Desktop/Lirix/.venv_ci312/lib/python3.12/site-packages/_pytest/setuponly.py
would reformat /Users/dingjunqing/Desktop/Lirix/.venv_ci312/lib/python3.12/site-packages/_pytest/pathlib.py
would reformat /Users/dingjunqing/Desktop/Lirix/.venv_ci312/lib/python3.12/site-packages/_pytest/skipping.py
error: cannot format /Users/dingjunqing/Desktop/Lirix/.venv_ci312/lib/python3.12/site-packages/_pytest/terminal.py: Cannot parse for target version Python 3.9: 1710:14:         match state:
would reformat /Users/dingjunqing/Desktop/Lirix/.venv_ci312/lib/python3.12/site-packages/_pytest/terminalprogress.py
would reformat /Users/dingjunqing/Desktop/Lirix/.venv_ci312/lib/python3.12/site-packages/_pytest/subtests.py
would reformat /Users/dingjunqing/Desktop/Lirix/.venv_ci312/lib/python3.12/site-packages/_pytest/timing.py
would reformat /Users/dingjunqing/Desktop/Lirix/.venv_ci312/lib/python3.12/site-packages/_pytest/reports.py
would reformat /Users/dingjunqing/Desktop/Lirix/.venv_ci312/lib/python3.12/site-packages/_pytest/runner.py
would reformat /Users/dingjunqing/Desktop/Lirix/.venv_ci312/lib/python3.12/site-packages/_pytest/threadexception.py
error: cannot format /Users/dingjunqing/Desktop/Lirix/.venv_ci312/lib/python3.12/site-packages/_pytest/unittest.py: Cannot parse for target version Python 3.9: 417:14:         match exc_info:
would reformat /Users/dingjunqing/Desktop/Lirix/.venv_ci312/lib/python3.12/site-packages/_pytest/stepwise.py
would reformat /Users/dingjunqing/Desktop/Lirix/.venv_ci312/lib/python3.12/site-packages/aiohappyeyeballs/utils.py
would reformat /Users/dingjunqing/Desktop/Lirix/.venv_ci312/lib/python3.12/site-packages/_pytest/unraisableexception.py
would reformat /Users/dingjunqing/Desktop/Lirix/.venv_ci312/lib/python3.12/site-packages/aiohappyeyeballs/_staggered.py
would reformat /Users/dingjunqing/Desktop/Lirix/.venv_ci312/lib/python3.12/site-packages/_pytest/tmpdir.py
would reformat /Users/dingjunqing/Desktop/Lirix/.venv_ci312/lib/python3.12/site-packages/aiohttp/_cookie_helpers.py
would reformat /Users/dingjunqing/Desktop/Lirix/.venv_ci312/lib/python3.12/site-packages/aiohttp/_websocket/helpers.py
would reformat /Users/dingjunqing/Desktop/Lirix/.venv_ci312/lib/python3.12/site-packages/_pytest/warnings.py
would reformat /Users/dingjunqing/Desktop/Lirix/.venv_ci312/lib/python3.12/site-packages/Crypto/Util/number.py
would reformat /Users/dingjunqing/Desktop/Lirix/.venv_ci312/lib/python3.12/site-packages/aiohttp/abc.py
would reformat /Users/dingjunqing/Desktop/Lirix/.venv_ci312/lib/python3.12/site-packages/_pytest/raises.py
would reformat /Users/dingjunqing/Desktop/Lirix/.venv_ci312/lib/python3.12/site-packages/_pytest/pytester.py
would reformat /Users/dingjunqing/Desktop/Lirix/.venv_ci312/lib/python3.12/site-packages/aiohttp/client_middlewares.py
would reformat /Users/dingjunqing/Desktop/Lirix/.venv_ci312/lib/python3.12/site-packages/aiohttp/_websocket/writer.py
would reformat /Users/dingjunqing/Desktop/Lirix/.venv_ci312/lib/python3.12/site-packages/aiohttp/client_exceptions.py
would reformat /Users/dingjunqing/Desktop/Lirix/.venv_ci312/lib/python3.12/site-packages/_pytest/python.py
would reformat /Users/dingjunqing/Desktop/Lirix/.venv_ci312/lib/python3.12/site-packages/aiohttp/_websocket/reader_c.py
would reformat /Users/dingjunqing/Desktop/Lirix/.venv_ci312/lib/python3.12/site-packages/aiohttp/compression_utils.py
would reformat /Users/dingjunqing/Desktop/Lirix/.venv_ci312/lib/python3.12/site-packages/aiohttp/client_middleware_digest_auth.py
would reformat /Users/dingjunqing/Desktop/Lirix/.venv_ci312/lib/python3.12/site-packages/aiohttp/formdata.py
would reformat /Users/dingjunqing/Desktop/Lirix/.venv_ci312/lib/python3.12/site-packages/aiohttp/client_proto.py
would reformat /Users/dingjunqing/Desktop/Lirix/.venv_ci312/lib/python3.12/site-packages/aiohttp/http.py
would reformat /Users/dingjunqing/Desktop/Lirix/.venv_ci312/lib/python3.12/site-packages/aiohttp/hdrs.py
would reformat /Users/dingjunqing/Desktop/Lirix/.venv_ci312/lib/python3.12/site-packages/aiohttp/client_ws.py
would reformat /Users/dingjunqing/Desktop/Lirix/.venv_ci312/lib/python3.12/site-packages/aiohttp/_websocket/reader_py.py
would reformat /Users/dingjunqing/Desktop/Lirix/.venv_ci312/lib/python3.12/site-packages/aiohttp/cookiejar.py
would reformat /Users/dingjunqing/Desktop/Lirix/.venv_ci312/lib/python3.12/site-packages/aiohttp/http_writer.py
would reformat /Users/dingjunqing/Desktop/Lirix/.venv_ci312/lib/python3.12/site-packages/aiohttp/pytest_plugin.py
would reformat /Users/dingjunqing/Desktop/Lirix/.venv_ci312/lib/python3.12/site-packages/aiohttp/client.py
would reformat /Users/dingjunqing/Desktop/Lirix/.venv_ci312/lib/python3.12/site-packages/aiohttp/resolver.py
would reformat /Users/dingjunqing/Desktop/Lirix/.venv_ci312/lib/python3.12/site-packages/aiohttp/typedefs.py
would reformat /Users/dingjunqing/Desktop/Lirix/.venv_ci312/lib/python3.12/site-packages/aiohttp/http_parser.py
would reformat /Users/dingjunqing/Desktop/Lirix/.venv_ci312/lib/python3.12/site-packages/aiohttp/payload.py
would reformat /Users/dingjunqing/Desktop/Lirix/.venv_ci312/lib/python3.12/site-packages/aiohttp/helpers.py
would reformat /Users/dingjunqing/Desktop/Lirix/.venv_ci312/lib/python3.12/site-packages/aiohttp/client_reqrep.py
would reformat /Users/dingjunqing/Desktop/Lirix/.venv_ci312/lib/python3.12/site-packages/aiohttp/tracing.py
would reformat /Users/dingjunqing/Desktop/Lirix/.venv_ci312/lib/python3.12/site-packages/aiohttp/test_utils.py
would reformat /Users/dingjunqing/Desktop/Lirix/.venv_ci312/lib/python3.12/site-packages/aiohttp/web.py
would reformat /Users/dingjunqing/Desktop/Lirix/.venv_ci312/lib/python3.12/site-packages/aiohttp/web_log.py
would reformat /Users/dingjunqing/Desktop/Lirix/.venv_ci312/lib/python3.12/site-packages/aiohttp/streams.py
would reformat /Users/dingjunqing/Desktop/Lirix/.venv_ci312/lib/python3.12/site-packages/aiohttp/web_server.py
would reformat /Users/dingjunqing/Desktop/Lirix/.venv_ci312/lib/python3.12/site-packages/aiohttp/web_fileresponse.py
would reformat /Users/dingjunqing/Desktop/Lirix/.venv_ci312/lib/python3.12/site-packages/aiohttp/multipart.py
would reformat /Users/dingjunqing/Desktop/Lirix/.venv_ci312/lib/python3.12/site-packages/aiohttp/connector.py
would reformat /Users/dingjunqing/Desktop/Lirix/.venv_ci312/lib/python3.12/site-packages/aiosignal/__init__.py
would reformat /Users/dingjunqing/Desktop/Lirix/.venv_ci312/lib/python3.12/site-packages/aiohttp/web_app.py
would reformat /Users/dingjunqing/Desktop/Lirix/.venv_ci312/lib/python3.12/site-packages/aiohttp/web_runner.py
would reformat /Users/dingjunqing/Desktop/Lirix/.venv_ci312/lib/python3.12/site-packages/aiohttp/worker.py
would reformat /Users/dingjunqing/Desktop/Lirix/.venv_ci312/lib/python3.12/site-packages/aiohttp/web_protocol.py
would reformat /Users/dingjunqing/Desktop/Lirix/.venv_ci312/lib/python3.12/site-packages/aiohttp/web_routedef.py
would reformat /Users/dingjunqing/Desktop/Lirix/.venv_ci312/lib/python3.12/site-packages/annotated_types/test_cases.py
would reformat /Users/dingjunqing/Desktop/Lirix/.venv_ci312/lib/python3.12/site-packages/anyio/_core/_asyncio_selector_thread.py
would reformat /Users/dingjunqing/Desktop/Lirix/.venv_ci312/lib/python3.12/site-packages/aiohttp/web_request.py
would reformat /Users/dingjunqing/Desktop/Lirix/.venv_ci312/lib/python3.12/site-packages/anyio/_core/_contextmanagers.py
would reformat /Users/dingjunqing/Desktop/Lirix/.venv_ci312/lib/python3.12/site-packages/annotated_types/__init__.py
would reformat /Users/dingjunqing/Desktop/Lirix/.venv_ci312/lib/python3.12/site-packages/aiohttp/web_ws.py
would reformat /Users/dingjunqing/Desktop/Lirix/.venv_ci312/lib/python3.12/site-packages/anyio/_core/_exceptions.py
would reformat /Users/dingjunqing/Desktop/Lirix/.venv_ci312/lib/python3.12/site-packages/anyio/_core/_tasks.py
would reformat /Users/dingjunqing/Desktop/Lirix/.venv_ci312/lib/python3.12/site-packages/anyio/_core/_typedattr.py
would reformat /Users/dingjunqing/Desktop/Lirix/.venv_ci312/lib/python3.12/site-packages/aiohttp/web_response.py
would reformat /Users/dingjunqing/Desktop/Lirix/.venv_ci312/lib/python3.12/site-packages/anyio/abc/_eventloop.py
would reformat /Users/dingjunqing/Desktop/Lirix/.venv_ci312/lib/python3.12/site-packages/anyio/abc/_sockets.py
would reformat /Users/dingjunqing/Desktop/Lirix/.venv_ci312/lib/python3.12/site-packages/anyio/abc/_streams.py
would reformat /Users/dingjunqing/Desktop/Lirix/.venv_ci312/lib/python3.12/site-packages/anyio/lowlevel.py
would reformat /Users/dingjunqing/Desktop/Lirix/.venv_ci312/lib/python3.12/site-packages/anyio/_core/_synchronization.py
would reformat /Users/dingjunqing/Desktop/Lirix/.venv_ci312/lib/python3.12/site-packages/anyio/_core/_sockets.py
would reformat /Users/dingjunqing/Desktop/Lirix/.venv_ci312/lib/python3.12/site-packages/anyio/_core/_tempfile.py
would reformat /Users/dingjunqing/Desktop/Lirix/.venv_ci312/lib/python3.12/site-packages/anyio/streams/file.py
would reformat /Users/dingjunqing/Desktop/Lirix/.venv_ci312/lib/python3.12/site-packages/aiohttp/web_urldispatcher.py
would reformat /Users/dingjunqing/Desktop/Lirix/.venv_ci312/lib/python3.12/site-packages/anyio/streams/text.py
would reformat /Users/dingjunqing/Desktop/Lirix/.venv_ci312/lib/python3.12/site-packages/anyio/from_thread.py
would reformat /Users/dingjunqing/Desktop/Lirix/.venv_ci312/lib/python3.12/site-packages/ast_serialize/__init__.py
would reformat /Users/dingjunqing/Desktop/Lirix/.venv_ci312/lib/python3.12/site-packages/anyio/streams/memory.py
would reformat /Users/dingjunqing/Desktop/Lirix/.venv_ci312/lib/python3.12/site-packages/anyio/functools.py
would reformat /Users/dingjunqing/Desktop/Lirix/.venv_ci312/lib/python3.12/site-packages/anyio/pytest_plugin.py
would reformat /Users/dingjunqing/Desktop/Lirix/.venv_ci312/lib/python3.12/site-packages/ast_serialize/__init__.pyi
would reformat /Users/dingjunqing/Desktop/Lirix/.venv_ci312/lib/python3.12/site-packages/anyio/_core/_fileio.py
would reformat /Users/dingjunqing/Desktop/Lirix/.venv_ci312/lib/python3.12/site-packages/anyio/_backends/_trio.py
would reformat /Users/dingjunqing/Desktop/Lirix/.venv_ci312/lib/python3.12/site-packages/attr/_cmp.py
would reformat /Users/dingjunqing/Desktop/Lirix/.venv_ci312/lib/python3.12/site-packages/anyio/to_interpreter.py
would reformat /Users/dingjunqing/Desktop/Lirix/.venv_ci312/lib/python3.12/site-packages/attr/converters.pyi
would reformat /Users/dingjunqing/Desktop/Lirix/.venv_ci312/lib/python3.12/site-packages/attr/_version_info.py
would reformat /Users/dingjunqing/Desktop/Lirix/.venv_ci312/lib/python3.12/site-packages/attr/setters.pyi
would reformat /Users/dingjunqing/Desktop/Lirix/.venv_ci312/lib/python3.12/site-packages/attr/_compat.py
would reformat /Users/dingjunqing/Desktop/Lirix/.venv_ci312/lib/python3.12/site-packages/attr/filters.py
would reformat /Users/dingjunqing/Desktop/Lirix/.venv_ci312/lib/python3.12/site-packages/anyio/streams/tls.py
would reformat /Users/dingjunqing/Desktop/Lirix/.venv_ci312/lib/python3.12/site-packages/attr/_next_gen.py
would reformat /Users/dingjunqing/Desktop/Lirix/.venv_ci312/lib/python3.12/site-packages/bitarray/__init__.py
would reformat /Users/dingjunqing/Desktop/Lirix/.venv_ci312/lib/python3.12/site-packages/attr/_funcs.py
would reformat /Users/dingjunqing/Desktop/Lirix/.venv_ci312/lib/python3.12/site-packages/anyio/to_process.py
would reformat /Users/dingjunqing/Desktop/Lirix/.venv_ci312/lib/python3.12/site-packages/attr/__init__.pyi
would reformat /Users/dingjunqing/Desktop/Lirix/.venv_ci312/lib/python3.12/site-packages/attr/validators.pyi
would reformat /Users/dingjunqing/Desktop/Lirix/.venv_ci312/lib/python3.12/site-packages/bitarray/util.pyi
would reformat /Users/dingjunqing/Desktop/Lirix/.venv_ci312/lib/python3.12/site-packages/attrs/__init__.pyi
would reformat /Users/dingjunqing/Desktop/Lirix/.venv_ci312/lib/python3.12/site-packages/bitarray/__init__.pyi
would reformat /Users/dingjunqing/Desktop/Lirix/.venv_ci312/lib/python3.12/site-packages/black/cache.py
would reformat /Users/dingjunqing/Desktop/Lirix/.venv_ci312/lib/python3.12/site-packages/attr/validators.py
would reformat /Users/dingjunqing/Desktop/Lirix/.venv_ci312/lib/python3.12/site-packages/bitarray/util.py
would reformat /Users/dingjunqing/Desktop/Lirix/.venv_ci312/lib/python3.12/site-packages/black/concurrency.py
would reformat /Users/dingjunqing/Desktop/Lirix/.venv_ci312/lib/python3.12/site-packages/black/brackets.py
would reformat /Users/dingjunqing/Desktop/Lirix/.venv_ci312/lib/python3.12/site-packages/black/comments.py
would reformat /Users/dingjunqing/Desktop/Lirix/.venv_ci312/lib/python3.12/site-packages/black/files.py
would reformat /Users/dingjunqing/Desktop/Lirix/.venv_ci312/lib/python3.12/site-packages/black/handle_ipynb_magics.py
would reformat /Users/dingjunqing/Desktop/Lirix/.venv_ci312/lib/python3.12/site-packages/black/output.py
would reformat /Users/dingjunqing/Desktop/Lirix/.venv_ci312/lib/python3.12/site-packages/black/mode.py
would reformat /Users/dingjunqing/Desktop/Lirix/.venv_ci312/lib/python3.12/site-packages/black/parsing.py
would reformat /Users/dingjunqing/Desktop/Lirix/.venv_ci312/lib/python3.12/site-packages/black/ranges.py
would reformat /Users/dingjunqing/Desktop/Lirix/.venv_ci312/lib/python3.12/site-packages/anyio/_backends/_asyncio.py
would reformat /Users/dingjunqing/Desktop/Lirix/.venv_ci312/lib/python3.12/site-packages/black/__init__.py
would reformat /Users/dingjunqing/Desktop/Lirix/.venv_ci312/lib/python3.12/site-packages/blackd/middlewares.py
would reformat /Users/dingjunqing/Desktop/Lirix/.venv_ci312/lib/python3.12/site-packages/black/strings.py
would reformat /Users/dingjunqing/Desktop/Lirix/.venv_ci312/lib/python3.12/site-packages/blackd/__init__.py
would reformat /Users/dingjunqing/Desktop/Lirix/.venv_ci312/lib/python3.12/site-packages/black/lines.py
would reformat /Users/dingjunqing/Desktop/Lirix/.venv_ci312/lib/python3.12/site-packages/blib2to3/pgen2/grammar.py
would reformat /Users/dingjunqing/Desktop/Lirix/.venv_ci312/lib/python3.12/site-packages/blib2to3/pgen2/driver.py
would reformat /Users/dingjunqing/Desktop/Lirix/.venv_ci312/lib/python3.12/site-packages/black/nodes.py
would reformat /Users/dingjunqing/Desktop/Lirix/.venv_ci312/lib/python3.12/site-packages/blib2to3/pgen2/pgen.py
would reformat /Users/dingjunqing/Desktop/Lirix/.venv_ci312/lib/python3.12/site-packages/blib2to3/pygram.py
would reformat /Users/dingjunqing/Desktop/Lirix/.venv_ci312/lib/python3.12/site-packages/blib2to3/pgen2/parse.py
would reformat /Users/dingjunqing/Desktop/Lirix/.venv_ci312/lib/python3.12/site-packages/black/linegen.py
would reformat /Users/dingjunqing/Desktop/Lirix/.venv_ci312/lib/python3.12/site-packages/cachetools/func.pyi
would reformat /Users/dingjunqing/Desktop/Lirix/.venv_ci312/lib/python3.12/site-packages/cachetools/__init__.pyi
would reformat /Users/dingjunqing/Desktop/Lirix/.venv_ci312/lib/python3.12/site-packages/certifi/core.py
would reformat /Users/dingjunqing/Desktop/Lirix/.venv_ci312/lib/python3.12/site-packages/cachetools/keys.pyi
would reformat /Users/dingjunqing/Desktop/Lirix/.venv_ci312/lib/python3.12/site-packages/blib2to3/pytree.py
would reformat /Users/dingjunqing/Desktop/Lirix/.venv_ci312/lib/python3.12/site-packages/charset_normalizer/cli/__main__.py
would reformat /Users/dingjunqing/Desktop/Lirix/.venv_ci312/lib/python3.12/site-packages/blib2to3/pgen2/tokenize.py
would reformat /Users/dingjunqing/Desktop/Lirix/.venv_ci312/lib/python3.12/site-packages/charset_normalizer/cd.py
would reformat /Users/dingjunqing/Desktop/Lirix/.venv_ci312/lib/python3.12/site-packages/cachetools/__init__.py
would reformat /Users/dingjunqing/Desktop/Lirix/.venv_ci312/lib/python3.12/site-packages/charset_normalizer/legacy.py
would reformat /Users/dingjunqing/Desktop/Lirix/.venv_ci312/lib/python3.12/site-packages/charset_normalizer/api.py
would reformat /Users/dingjunqing/Desktop/Lirix/.venv_ci312/lib/python3.12/site-packages/charset_normalizer/models.py
would reformat /Users/dingjunqing/Desktop/Lirix/.venv_ci312/lib/python3.12/site-packages/attr/_make.py
would reformat /Users/dingjunqing/Desktop/Lirix/.venv_ci312/lib/python3.12/site-packages/charset_normalizer/md.py
would reformat /Users/dingjunqing/Desktop/Lirix/.venv_ci312/lib/python3.12/site-packages/click/_winconsole.py
would reformat /Users/dingjunqing/Desktop/Lirix/.venv_ci312/lib/python3.12/site-packages/charset_normalizer/utils.py
would reformat /Users/dingjunqing/Desktop/Lirix/.venv_ci312/lib/python3.12/site-packages/click/_compat.py
would reformat /Users/dingjunqing/Desktop/Lirix/.venv_ci312/lib/python3.12/site-packages/black/trans.py
would reformat /Users/dingjunqing/Desktop/Lirix/.venv_ci312/lib/python3.12/site-packages/click/exceptions.py
would reformat /Users/dingjunqing/Desktop/Lirix/.venv_ci312/lib/python3.12/site-packages/click/decorators.py
would reformat /Users/dingjunqing/Desktop/Lirix/.venv_ci312/lib/python3.12/site-packages/click/formatting.py
would reformat /Users/dingjunqing/Desktop/Lirix/.venv_ci312/lib/python3.12/site-packages/click/_termui_impl.py
would reformat /Users/dingjunqing/Desktop/Lirix/.venv_ci312/lib/python3.12/site-packages/click/parser.py
would reformat /Users/dingjunqing/Desktop/Lirix/.venv_ci312/lib/python3.12/site-packages/colorama/__init__.py
would reformat /Users/dingjunqing/Desktop/Lirix/.venv_ci312/lib/python3.12/site-packages/colorama/ansi.py
would reformat /Users/dingjunqing/Desktop/Lirix/.venv_ci312/lib/python3.12/site-packages/charset_normalizer/constant.py
would reformat /Users/dingjunqing/Desktop/Lirix/.venv_ci312/lib/python3.12/site-packages/click/shell_completion.py
would reformat /Users/dingjunqing/Desktop/Lirix/.venv_ci312/lib/python3.12/site-packages/colorama/tests/ansi_test.py
would reformat /Users/dingjunqing/Desktop/Lirix/.venv_ci312/lib/python3.12/site-packages/click/testing.py
would reformat /Users/dingjunqing/Desktop/Lirix/.venv_ci312/lib/python3.12/site-packages/colorama/initialise.py
would reformat /Users/dingjunqing/Desktop/Lirix/.venv_ci312/lib/python3.12/site-packages/click/utils.py
would reformat /Users/dingjunqing/Desktop/Lirix/.venv_ci312/lib/python3.12/site-packages/colorama/tests/isatty_test.py
would reformat /Users/dingjunqing/Desktop/Lirix/.venv_ci312/lib/python3.12/site-packages/click/termui.py
would reformat /Users/dingjunqing/Desktop/Lirix/.venv_ci312/lib/python3.12/site-packages/colorama/tests/utils.py
would reformat /Users/dingjunqing/Desktop/Lirix/.venv_ci312/lib/python3.12/site-packages/colorama/tests/initialise_test.py
would reformat /Users/dingjunqing/Desktop/Lirix/.venv_ci312/lib/python3.12/site-packages/colorama/tests/winterm_test.py
would reformat /Users/dingjunqing/Desktop/Lirix/.venv_ci312/lib/python3.12/site-packages/colorama/tests/ansitowin32_test.py
would reformat /Users/dingjunqing/Desktop/Lirix/.venv_ci312/lib/python3.12/site-packages/colorama/winterm.py
would reformat /Users/dingjunqing/Desktop/Lirix/.venv_ci312/lib/python3.12/site-packages/colorama/win32.py
would reformat /Users/dingjunqing/Desktop/Lirix/.venv_ci312/lib/python3.12/site-packages/colorama/ansitowin32.py
error: cannot format /Users/dingjunqing/Desktop/Lirix/.venv_ci312/lib/python3.12/site-packages/coverage/debug.py: Cannot parse for target version Python 3.9: 158:14:         match data:
would reformat /Users/dingjunqing/Desktop/Lirix/.venv_ci312/lib/python3.12/site-packages/bitarray/test_util.py
error: cannot format /Users/dingjunqing/Desktop/Lirix/.venv_ci312/lib/python3.12/site-packages/coverage/misc.py: Cannot parse for target version Python 3.9: 166:14:         match v:
error: cannot format /Users/dingjunqing/Desktop/Lirix/.venv_ci312/lib/python3.12/site-packages/coverage/patch.py: Cannot parse for target version Python 3.9: 30:14:         match patch:
would reformat /Users/dingjunqing/Desktop/Lirix/.venv_ci312/lib/python3.12/site-packages/coverage/collector.py
would reformat /Users/dingjunqing/Desktop/Lirix/.venv_ci312/lib/python3.12/site-packages/click/types.py
error: cannot format /Users/dingjunqing/Desktop/Lirix/.venv_ci312/lib/python3.12/site-packages/coverage/parser.py: Cannot parse for target version Python 3.9: 584:10:     match node:
would reformat /Users/dingjunqing/Desktop/Lirix/.venv_ci312/lib/python3.12/site-packages/coverage/phystokens.py
would reformat /Users/dingjunqing/Desktop/Lirix/.venv_ci312/lib/python3.12/site-packages/cytoolz/__init__.py
would reformat /Users/dingjunqing/Desktop/Lirix/.venv_ci312/lib/python3.12/site-packages/cytoolz/compatibility.py
would reformat /Users/dingjunqing/Desktop/Lirix/.venv_ci312/lib/python3.12/site-packages/cytoolz/curried/exceptions.py
would reformat /Users/dingjunqing/Desktop/Lirix/.venv_ci312/lib/python3.12/site-packages/cytoolz/tests/dev_skip_test.py
would reformat /Users/dingjunqing/Desktop/Lirix/.venv_ci312/lib/python3.12/site-packages/cytoolz/tests/test_compatibility.py
would reformat /Users/dingjunqing/Desktop/Lirix/.venv_ci312/lib/python3.12/site-packages/cytoolz/curried/operator.py
would reformat /Users/dingjunqing/Desktop/Lirix/.venv_ci312/lib/python3.12/site-packages/coverage/pytracer.py
would reformat /Users/dingjunqing/Desktop/Lirix/.venv_ci312/lib/python3.12/site-packages/cytoolz/tests/test_dev_skip_test.py
would reformat /Users/dingjunqing/Desktop/Lirix/.venv_ci312/lib/python3.12/site-packages/cytoolz/tests/test_curried_toolzlike.py
would reformat /Users/dingjunqing/Desktop/Lirix/.venv_ci312/lib/python3.12/site-packages/cytoolz/curried/__init__.py
would reformat /Users/dingjunqing/Desktop/Lirix/.venv_ci312/lib/python3.12/site-packages/cytoolz/_signatures.py
would reformat /Users/dingjunqing/Desktop/Lirix/.venv_ci312/lib/python3.12/site-packages/cytoolz/tests/test_docstrings.py
would reformat /Users/dingjunqing/Desktop/Lirix/.venv_ci312/lib/python3.12/site-packages/coverage/cmdline.py
would reformat /Users/dingjunqing/Desktop/Lirix/.venv_ci312/lib/python3.12/site-packages/cytoolz/tests/test_curried.py
would reformat /Users/dingjunqing/Desktop/Lirix/.venv_ci312/lib/python3.12/site-packages/coverage/html.py
would reformat /Users/dingjunqing/Desktop/Lirix/.venv_ci312/lib/python3.12/site-packages/cytoolz/tests/test_recipes.py
would reformat /Users/dingjunqing/Desktop/Lirix/.venv_ci312/lib/python3.12/site-packages/cytoolz/tests/test_embedded_sigs.py
would reformat /Users/dingjunqing/Desktop/Lirix/.venv_ci312/lib/python3.12/site-packages/cytoolz/tests/test_signatures.py
would reformat /Users/dingjunqing/Desktop/Lirix/.venv_ci312/lib/python3.12/site-packages/cytoolz/tests/test_tlz.py
would reformat /Users/dingjunqing/Desktop/Lirix/.venv_ci312/lib/python3.12/site-packages/distlib/__init__.py
would reformat /Users/dingjunqing/Desktop/Lirix/.venv_ci312/lib/python3.12/site-packages/cytoolz/tests/test_dicttoolz.py
would reformat /Users/dingjunqing/Desktop/Lirix/.venv_ci312/lib/python3.12/site-packages/cytoolz/tests/test_serialization.py
would reformat /Users/dingjunqing/Desktop/Lirix/.venv_ci312/lib/python3.12/site-packages/cytoolz/tests/test_none_safe.py
would reformat /Users/dingjunqing/Desktop/Lirix/.venv_ci312/lib/python3.12/site-packages/coverage/sqldata.py
would reformat /Users/dingjunqing/Desktop/Lirix/.venv_ci312/lib/python3.12/site-packages/cytoolz/tests/test_inspect_args.py
would reformat /Users/dingjunqing/Desktop/Lirix/.venv_ci312/lib/python3.12/site-packages/distlib/index.py
would reformat /Users/dingjunqing/Desktop/Lirix/.venv_ci312/lib/python3.12/site-packages/cytoolz/tests/test_functoolz.py
would reformat /Users/dingjunqing/Desktop/Lirix/.venv_ci312/lib/python3.12/site-packages/distlib/manifest.py
would reformat /Users/dingjunqing/Desktop/Lirix/.venv_ci312/lib/python3.12/site-packages/distlib/markers.py
would reformat /Users/dingjunqing/Desktop/Lirix/.venv_ci312/lib/python3.12/site-packages/cytoolz/tests/test_itertoolz.py
would reformat /Users/dingjunqing/Desktop/Lirix/.venv_ci312/lib/python3.12/site-packages/distlib/compat.py
would reformat /Users/dingjunqing/Desktop/Lirix/.venv_ci312/lib/python3.12/site-packages/distlib/resources.py
would reformat /Users/dingjunqing/Desktop/Lirix/.venv_ci312/lib/python3.12/site-packages/distlib/scripts.py
would reformat /Users/dingjunqing/Desktop/Lirix/.venv_ci312/lib/python3.12/site-packages/docutils/__init__.py
would reformat /Users/dingjunqing/Desktop/Lirix/.venv_ci312/lib/python3.12/site-packages/docutils/__main__.py
would reformat /Users/dingjunqing/Desktop/Lirix/.venv_ci312/lib/python3.12/site-packages/click/core.py
would reformat /Users/dingjunqing/Desktop/Lirix/.venv_ci312/lib/python3.12/site-packages/docutils/examples.py
would reformat /Users/dingjunqing/Desktop/Lirix/.venv_ci312/lib/python3.12/site-packages/distlib/database.py
would reformat /Users/dingjunqing/Desktop/Lirix/.venv_ci312/lib/python3.12/site-packages/distlib/locators.py
would reformat /Users/dingjunqing/Desktop/Lirix/.venv_ci312/lib/python3.12/site-packages/docutils/languages/af.py
would reformat /Users/dingjunqing/Desktop/Lirix/.venv_ci312/lib/python3.12/site-packages/docutils/languages/__init__.py
would reformat /Users/dingjunqing/Desktop/Lirix/.venv_ci312/lib/python3.12/site-packages/docutils/languages/ar.py
would reformat /Users/dingjunqing/Desktop/Lirix/.venv_ci312/lib/python3.12/site-packages/docutils/languages/ca.py
would reformat /Users/dingjunqing/Desktop/Lirix/.venv_ci312/lib/python3.12/site-packages/docutils/languages/cs.py
would reformat /Users/dingjunqing/Desktop/Lirix/.venv_ci312/lib/python3.12/site-packages/distlib/version.py
would reformat /Users/dingjunqing/Desktop/Lirix/.venv_ci312/lib/python3.12/site-packages/docutils/languages/da.py
would reformat /Users/dingjunqing/Desktop/Lirix/.venv_ci312/lib/python3.12/site-packages/docutils/languages/eo.py
would reformat /Users/dingjunqing/Desktop/Lirix/.venv_ci312/lib/python3.12/site-packages/docutils/languages/de.py
would reformat /Users/dingjunqing/Desktop/Lirix/.venv_ci312/lib/python3.12/site-packages/docutils/languages/fa.py
would reformat /Users/dingjunqing/Desktop/Lirix/.venv_ci312/lib/python3.12/site-packages/docutils/languages/es.py
would reformat /Users/dingjunqing/Desktop/Lirix/.venv_ci312/lib/python3.12/site-packages/docutils/languages/fi.py
would reformat /Users/dingjunqing/Desktop/Lirix/.venv_ci312/lib/python3.12/site-packages/docutils/languages/fr.py
would reformat /Users/dingjunqing/Desktop/Lirix/.venv_ci312/lib/python3.12/site-packages/docutils/languages/gl.py
would reformat /Users/dingjunqing/Desktop/Lirix/.venv_ci312/lib/python3.12/site-packages/docutils/languages/it.py
would reformat /Users/dingjunqing/Desktop/Lirix/.venv_ci312/lib/python3.12/site-packages/docutils/languages/he.py
would reformat /Users/dingjunqing/Desktop/Lirix/.venv_ci312/lib/python3.12/site-packages/docutils/languages/ka.py
would reformat /Users/dingjunqing/Desktop/Lirix/.venv_ci312/lib/python3.12/site-packages/distlib/metadata.py
would reformat /Users/dingjunqing/Desktop/Lirix/.venv_ci312/lib/python3.12/site-packages/docutils/languages/en.py
would reformat /Users/dingjunqing/Desktop/Lirix/.venv_ci312/lib/python3.12/site-packages/docutils/languages/ko.py
would reformat /Users/dingjunqing/Desktop/Lirix/.venv_ci312/lib/python3.12/site-packages/docutils/languages/ja.py
would reformat /Users/dingjunqing/Desktop/Lirix/.venv_ci312/lib/python3.12/site-packages/docutils/languages/lt.py
would reformat /Users/dingjunqing/Desktop/Lirix/.venv_ci312/lib/python3.12/site-packages/docutils/languages/lv.py
would reformat /Users/dingjunqing/Desktop/Lirix/.venv_ci312/lib/python3.12/site-packages/docutils/languages/nl.py
would reformat /Users/dingjunqing/Desktop/Lirix/.venv_ci312/lib/python3.12/site-packages/docutils/languages/pl.py
would reformat /Users/dingjunqing/Desktop/Lirix/.venv_ci312/lib/python3.12/site-packages/docutils/languages/pt_br.py
would reformat /Users/dingjunqing/Desktop/Lirix/.venv_ci312/lib/python3.12/site-packages/docutils/languages/sv.py
would reformat /Users/dingjunqing/Desktop/Lirix/.venv_ci312/lib/python3.12/site-packages/docutils/languages/ru.py
would reformat /Users/dingjunqing/Desktop/Lirix/.venv_ci312/lib/python3.12/site-packages/docutils/languages/sk.py
would reformat /Users/dingjunqing/Desktop/Lirix/.venv_ci312/lib/python3.12/site-packages/docutils/languages/zh_cn.py
would reformat /Users/dingjunqing/Desktop/Lirix/.venv_ci312/lib/python3.12/site-packages/docutils/languages/uk.py
would reformat /Users/dingjunqing/Desktop/Lirix/.venv_ci312/lib/python3.12/site-packages/docutils/languages/zh_tw.py
would reformat /Users/dingjunqing/Desktop/Lirix/.venv_ci312/lib/python3.12/site-packages/docutils/parsers/commonmark_wrapper.py
would reformat /Users/dingjunqing/Desktop/Lirix/.venv_ci312/lib/python3.12/site-packages/docutils/core.py
would reformat /Users/dingjunqing/Desktop/Lirix/.venv_ci312/lib/python3.12/site-packages/docutils/parsers/null.py
would reformat /Users/dingjunqing/Desktop/Lirix/.venv_ci312/lib/python3.12/site-packages/docutils/parsers/__init__.py
would reformat /Users/dingjunqing/Desktop/Lirix/.venv_ci312/lib/python3.12/site-packages/docutils/io.py
would reformat /Users/dingjunqing/Desktop/Lirix/.venv_ci312/lib/python3.12/site-packages/docutils/parsers/recommonmark_wrapper.py
would reformat /Users/dingjunqing/Desktop/Lirix/.venv_ci312/lib/python3.12/site-packages/docutils/parsers/rst/directives/html.py
would reformat /Users/dingjunqing/Desktop/Lirix/.venv_ci312/lib/python3.12/site-packages/docutils/parsers/docutils_xml.py
would reformat /Users/dingjunqing/Desktop/Lirix/.venv_ci312/lib/python3.12/site-packages/docutils/parsers/rst/directives/admonitions.py
would reformat /Users/dingjunqing/Desktop/Lirix/.venv_ci312/lib/python3.12/site-packages/docutils/parsers/rst/directives/images.py
would reformat /Users/dingjunqing/Desktop/Lirix/.venv_ci312/lib/python3.12/site-packages/docutils/parsers/rst/__init__.py
would reformat /Users/dingjunqing/Desktop/Lirix/.venv_ci312/lib/python3.12/site-packages/docutils/parsers/rst/directives/references.py
would reformat /Users/dingjunqing/Desktop/Lirix/.venv_ci312/lib/python3.12/site-packages/docutils/parsers/rst/directives/parts.py
would reformat /Users/dingjunqing/Desktop/Lirix/.venv_ci312/lib/python3.12/site-packages/distlib/wheel.py
would reformat /Users/dingjunqing/Desktop/Lirix/.venv_ci312/lib/python3.12/site-packages/docutils/parsers/rst/directives/body.py
would reformat /Users/dingjunqing/Desktop/Lirix/.venv_ci312/lib/python3.12/site-packages/docutils/parsers/rst/languages/__init__.py
would reformat /Users/dingjunqing/Desktop/Lirix/.venv_ci312/lib/python3.12/site-packages/docutils/parsers/rst/languages/ar.py
would reformat /Users/dingjunqing/Desktop/Lirix/.venv_ci312/lib/python3.12/site-packages/docutils/parsers/rst/languages/ca.py
would reformat /Users/dingjunqing/Desktop/Lirix/.venv_ci312/lib/python3.12/site-packages/docutils/parsers/rst/directives/__init__.py
would reformat /Users/dingjunqing/Desktop/Lirix/.venv_ci312/lib/python3.12/site-packages/docutils/parsers/rst/languages/cs.py
would reformat /Users/dingjunqing/Desktop/Lirix/.venv_ci312/lib/python3.12/site-packages/docutils/parsers/rst/languages/de.py
would reformat /Users/dingjunqing/Desktop/Lirix/.venv_ci312/lib/python3.12/site-packages/docutils/parsers/rst/languages/en.py
would reformat /Users/dingjunqing/Desktop/Lirix/.venv_ci312/lib/python3.12/site-packages/docutils/parsers/rst/languages/eo.py
would reformat /Users/dingjunqing/Desktop/Lirix/.venv_ci312/lib/python3.12/site-packages/docutils/parsers/rst/languages/af.py
would reformat /Users/dingjunqing/Desktop/Lirix/.venv_ci312/lib/python3.12/site-packages/docutils/parsers/rst/languages/da.py
would reformat /Users/dingjunqing/Desktop/Lirix/.venv_ci312/lib/python3.12/site-packages/docutils/parsers/rst/languages/fa.py
would reformat /Users/dingjunqing/Desktop/Lirix/.venv_ci312/lib/python3.12/site-packages/docutils/parsers/rst/languages/es.py
would reformat /Users/dingjunqing/Desktop/Lirix/.venv_ci312/lib/python3.12/site-packages/docutils/parsers/rst/languages/fi.py
would reformat /Users/dingjunqing/Desktop/Lirix/.venv_ci312/lib/python3.12/site-packages/docutils/parsers/rst/languages/fr.py
would reformat /Users/dingjunqing/Desktop/Lirix/.venv_ci312/lib/python3.12/site-packages/docutils/parsers/rst/languages/gl.py
would reformat /Users/dingjunqing/Desktop/Lirix/.venv_ci312/lib/python3.12/site-packages/docutils/parsers/rst/languages/he.py
would reformat /Users/dingjunqing/Desktop/Lirix/.venv_ci312/lib/python3.12/site-packages/docutils/parsers/rst/languages/it.py
would reformat /Users/dingjunqing/Desktop/Lirix/.venv_ci312/lib/python3.12/site-packages/docutils/parsers/rst/languages/ja.py
would reformat /Users/dingjunqing/Desktop/Lirix/.venv_ci312/lib/python3.12/site-packages/docutils/parsers/rst/languages/ko.py
would reformat /Users/dingjunqing/Desktop/Lirix/.venv_ci312/lib/python3.12/site-packages/docutils/parsers/rst/languages/ka.py
would reformat /Users/dingjunqing/Desktop/Lirix/.venv_ci312/lib/python3.12/site-packages/docutils/parsers/rst/languages/lv.py
would reformat /Users/dingjunqing/Desktop/Lirix/.venv_ci312/lib/python3.12/site-packages/docutils/parsers/rst/languages/lt.py
would reformat /Users/dingjunqing/Desktop/Lirix/.venv_ci312/lib/python3.12/site-packages/docutils/parsers/rst/languages/pl.py
would reformat /Users/dingjunqing/Desktop/Lirix/.venv_ci312/lib/python3.12/site-packages/docutils/parsers/rst/languages/pt_br.py
would reformat /Users/dingjunqing/Desktop/Lirix/.venv_ci312/lib/python3.12/site-packages/docutils/parsers/rst/languages/nl.py
would reformat /Users/dingjunqing/Desktop/Lirix/.venv_ci312/lib/python3.12/site-packages/docutils/parsers/rst/languages/ru.py
would reformat /Users/dingjunqing/Desktop/Lirix/.venv_ci312/lib/python3.12/site-packages/docutils/parsers/rst/languages/sk.py
would reformat /Users/dingjunqing/Desktop/Lirix/.venv_ci312/lib/python3.12/site-packages/docutils/parsers/rst/directives/misc.py
would reformat /Users/dingjunqing/Desktop/Lirix/.venv_ci312/lib/python3.12/site-packages/docutils/parsers/rst/languages/sv.py
would reformat /Users/dingjunqing/Desktop/Lirix/.venv_ci312/lib/python3.12/site-packages/distlib/util.py
would reformat /Users/dingjunqing/Desktop/Lirix/.venv_ci312/lib/python3.12/site-packages/docutils/parsers/rst/languages/zh_cn.py
would reformat /Users/dingjunqing/Desktop/Lirix/.venv_ci312/lib/python3.12/site-packages/docutils/parsers/rst/languages/zh_tw.py
would reformat /Users/dingjunqing/Desktop/Lirix/.venv_ci312/lib/python3.12/site-packages/docutils/readers/doctree.py
would reformat /Users/dingjunqing/Desktop/Lirix/.venv_ci312/lib/python3.12/site-packages/docutils/readers/pep.py
would reformat /Users/dingjunqing/Desktop/Lirix/.venv_ci312/lib/python3.12/site-packages/docutils/parsers/rst/languages/uk.py
would reformat /Users/dingjunqing/Desktop/Lirix/.venv_ci312/lib/python3.12/site-packages/docutils/parsers/rst/directives/tables.py
would reformat /Users/dingjunqing/Desktop/Lirix/.venv_ci312/lib/python3.12/site-packages/docutils/readers/standalone.py
would reformat /Users/dingjunqing/Desktop/Lirix/.venv_ci312/lib/python3.12/site-packages/docutils/readers/__init__.py
would reformat /Users/dingjunqing/Desktop/Lirix/.venv_ci312/lib/python3.12/site-packages/docutils/transforms/components.py
would reformat /Users/dingjunqing/Desktop/Lirix/.venv_ci312/lib/python3.12/site-packages/docutils/transforms/__init__.py
would reformat /Users/dingjunqing/Desktop/Lirix/.venv_ci312/lib/python3.12/site-packages/docutils/frontend.py
would reformat /Users/dingjunqing/Desktop/Lirix/.venv_ci312/lib/python3.12/site-packages/docutils/parsers/rst/roles.py
would reformat /Users/dingjunqing/Desktop/Lirix/.venv_ci312/lib/python3.12/site-packages/docutils/transforms/misc.py
would reformat /Users/dingjunqing/Desktop/Lirix/.venv_ci312/lib/python3.12/site-packages/docutils/transforms/writer_aux.py
would reformat /Users/dingjunqing/Desktop/Lirix/.venv_ci312/lib/python3.12/site-packages/bitarray/test_bitarray.py
would reformat /Users/dingjunqing/Desktop/Lirix/.venv_ci312/lib/python3.12/site-packages/docutils/transforms/parts.py
would reformat /Users/dingjunqing/Desktop/Lirix/.venv_ci312/lib/python3.12/site-packages/docutils/transforms/frontmatter.py
would reformat /Users/dingjunqing/Desktop/Lirix/.venv_ci312/lib/python3.12/site-packages/docutils/parsers/rst/tableparser.py
would reformat /Users/dingjunqing/Desktop/Lirix/.venv_ci312/lib/python3.12/site-packages/docutils/utils/_typing.py
would reformat /Users/dingjunqing/Desktop/Lirix/.venv_ci312/lib/python3.12/site-packages/docutils/utils/math/__init__.py
would reformat /Users/dingjunqing/Desktop/Lirix/.venv_ci312/lib/python3.12/site-packages/docutils/utils/code_analyzer.py
would reformat /Users/dingjunqing/Desktop/Lirix/.venv_ci312/lib/python3.12/site-packages/docutils/transforms/peps.py
would reformat /Users/dingjunqing/Desktop/Lirix/.venv_ci312/lib/python3.12/site-packages/docutils/utils/_roman_numerals.py
would reformat /Users/dingjunqing/Desktop/Lirix/.venv_ci312/lib/python3.12/site-packages/docutils/transforms/universal.py
would reformat /Users/dingjunqing/Desktop/Lirix/.venv_ci312/lib/python3.12/site-packages/docutils/utils/math/tex2mathml_extern.py
would reformat /Users/dingjunqing/Desktop/Lirix/.venv_ci312/lib/python3.12/site-packages/docutils/utils/math/mathml_elements.py
would reformat /Users/dingjunqing/Desktop/Lirix/.venv_ci312/lib/python3.12/site-packages/docutils/statemachine.py
would reformat /Users/dingjunqing/Desktop/Lirix/.venv_ci312/lib/python3.12/site-packages/docutils/utils/punctuation_chars.py
would reformat /Users/dingjunqing/Desktop/Lirix/.venv_ci312/lib/python3.12/site-packages/docutils/utils/math/unichar2tex.py
would reformat /Users/dingjunqing/Desktop/Lirix/.venv_ci312/lib/python3.12/site-packages/docutils/transforms/references.py
would reformat /Users/dingjunqing/Desktop/Lirix/.venv_ci312/lib/python3.12/site-packages/docutils/utils/math/tex2unichar.py
would reformat /Users/dingjunqing/Desktop/Lirix/.venv_ci312/lib/python3.12/site-packages/docutils/utils/__init__.py
would reformat /Users/dingjunqing/Desktop/Lirix/.venv_ci312/lib/python3.12/site-packages/docutils/utils/urischemes.py
would reformat /Users/dingjunqing/Desktop/Lirix/.venv_ci312/lib/python3.12/site-packages/docutils/writers/__init__.py
would reformat /Users/dingjunqing/Desktop/Lirix/.venv_ci312/lib/python3.12/site-packages/docutils/utils/math/mathalphabet2unichar.py
would reformat /Users/dingjunqing/Desktop/Lirix/.venv_ci312/lib/python3.12/site-packages/docutils/utils/math/latex2mathml.py
would reformat /Users/dingjunqing/Desktop/Lirix/.venv_ci312/lib/python3.12/site-packages/docutils/nodes.py
would reformat /Users/dingjunqing/Desktop/Lirix/.venv_ci312/lib/python3.12/site-packages/docutils/writers/null.py
would reformat /Users/dingjunqing/Desktop/Lirix/.venv_ci312/lib/python3.12/site-packages/docutils/writers/docutils_xml.py
would reformat /Users/dingjunqing/Desktop/Lirix/.venv_ci312/lib/python3.12/site-packages/docutils/utils/smartquotes.py
would reformat /Users/dingjunqing/Desktop/Lirix/.venv_ci312/lib/python3.12/site-packages/docutils/writers/odf_odt/prepstyles.py
would reformat /Users/dingjunqing/Desktop/Lirix/.venv_ci312/lib/python3.12/site-packages/docutils/writers/html5_polyglot/__init__.py
would reformat /Users/dingjunqing/Desktop/Lirix/.venv_ci312/lib/python3.12/site-packages/docutils/writers/pep_html/__init__.py
would reformat /Users/dingjunqing/Desktop/Lirix/.venv_ci312/lib/python3.12/site-packages/docutils/writers/odf_odt/pygmentsformatter.py
would reformat /Users/dingjunqing/Desktop/Lirix/.venv_ci312/lib/python3.12/site-packages/docutils/writers/xetex/__init__.py
would reformat /Users/dingjunqing/Desktop/Lirix/.venv_ci312/lib/python3.12/site-packages/docutils/writers/pseudoxml.py
would reformat /Users/dingjunqing/Desktop/Lirix/.venv_ci312/lib/python3.12/site-packages/docutils/writers/s5_html/__init__.py
would reformat /Users/dingjunqing/Desktop/Lirix/.venv_ci312/lib/python3.12/site-packages/ens/constants.py
would reformat /Users/dingjunqing/Desktop/Lirix/.venv_ci312/lib/python3.12/site-packages/ens/_normalization.py
would reformat /Users/dingjunqing/Desktop/Lirix/.venv_ci312/lib/python3.12/site-packages/docutils/writers/html4css1/__init__.py
would reformat /Users/dingjunqing/Desktop/Lirix/.venv_ci312/lib/python3.12/site-packages/eth_abi/codec.py
would reformat /Users/dingjunqing/Desktop/Lirix/.venv_ci312/lib/python3.12/site-packages/docutils/writers/manpage.py
would reformat /Users/dingjunqing/Desktop/Lirix/.venv_ci312/lib/python3.12/site-packages/ens/async_ens.py
would reformat /Users/dingjunqing/Desktop/Lirix/.venv_ci312/lib/python3.12/site-packages/ens/utils.py
would reformat /Users/dingjunqing/Desktop/Lirix/.venv_ci312/lib/python3.12/site-packages/ens/ens.py
would reformat /Users/dingjunqing/Desktop/Lirix/.venv_ci312/lib/python3.12/site-packages/eth_abi/grammar.py
would reformat /Users/dingjunqing/Desktop/Lirix/.venv_ci312/lib/python3.12/site-packages/eth_abi/utils/numeric.py
would reformat /Users/dingjunqing/Desktop/Lirix/.venv_ci312/lib/python3.12/site-packages/eth_abi/utils/validation.py
would reformat /Users/dingjunqing/Desktop/Lirix/.venv_ci312/lib/python3.12/site-packages/eth_abi/tools/_strategies.py
would reformat /Users/dingjunqing/Desktop/Lirix/.venv_ci312/lib/python3.12/site-packages/eth_abi/decoding.py
would reformat /Users/dingjunqing/Desktop/Lirix/.venv_ci312/lib/python3.12/site-packages/eth_abi/registry.py
would reformat /Users/dingjunqing/Desktop/Lirix/.venv_ci312/lib/python3.12/site-packages/eth_account/_utils/legacy_transactions.py
would reformat /Users/dingjunqing/Desktop/Lirix/.venv_ci312/lib/python3.12/site-packages/eth_account/_utils/signing.py
would reformat /Users/dingjunqing/Desktop/Lirix/.venv_ci312/lib/python3.12/site-packages/eth_account/_utils/transaction_utils.py
would reformat /Users/dingjunqing/Desktop/Lirix/.venv_ci312/lib/python3.12/site-packages/eth_account/_utils/encode_typed_data/encoding_and_hashing.py
would reformat /Users/dingjunqing/Desktop/Lirix/.venv_ci312/lib/python3.12/site-packages/eth_account/hdaccount/__init__.py
would reformat /Users/dingjunqing/Desktop/Lirix/.venv_ci312/lib/python3.12/site-packages/eth_account/hdaccount/_utils.py
would reformat /Users/dingjunqing/Desktop/Lirix/.venv_ci312/lib/python3.12/site-packages/eth_account/datastructures.py
would reformat /Users/dingjunqing/Desktop/Lirix/.venv_ci312/lib/python3.12/site-packages/eth_account/_utils/validation.py
would reformat /Users/dingjunqing/Desktop/Lirix/.venv_ci312/lib/python3.12/site-packages/eth_account/hdaccount/deterministic.py
would reformat /Users/dingjunqing/Desktop/Lirix/.venv_ci312/lib/python3.12/site-packages/eth_abi/encoding.py
would reformat /Users/dingjunqing/Desktop/Lirix/.venv_ci312/lib/python3.12/site-packages/eth_account/signers/base.py
would reformat /Users/dingjunqing/Desktop/Lirix/.venv_ci312/lib/python3.12/site-packages/docutils/writers/_html_base.py
would reformat /Users/dingjunqing/Desktop/Lirix/.venv_ci312/lib/python3.12/site-packages/eth_account/messages.py
would reformat /Users/dingjunqing/Desktop/Lirix/.venv_ci312/lib/python3.12/site-packages/eth_account/hdaccount/mnemonic.py
would reformat /Users/dingjunqing/Desktop/Lirix/.venv_ci312/lib/python3.12/site-packages/eth_account/signers/local.py
would reformat /Users/dingjunqing/Desktop/Lirix/.venv_ci312/lib/python3.12/site-packages/eth_account/account.py
would reformat /Users/dingjunqing/Desktop/Lirix/.venv_ci312/lib/python3.12/site-packages/eth_account/typed_transactions/typed_transaction.py
would reformat /Users/dingjunqing/Desktop/Lirix/.venv_ci312/lib/python3.12/site-packages/docutils/parsers/rst/states.py
would reformat /Users/dingjunqing/Desktop/Lirix/.venv_ci312/lib/python3.12/site-packages/eth_hash/abc.py
would reformat /Users/dingjunqing/Desktop/Lirix/.venv_ci312/lib/python3.12/site-packages/eth_account/typed_transactions/base.py
would reformat /Users/dingjunqing/Desktop/Lirix/.venv_ci312/lib/python3.12/site-packages/eth_account/types.py
would reformat /Users/dingjunqing/Desktop/Lirix/.venv_ci312/lib/python3.12/site-packages/eth_account/typed_transactions/access_list_transaction.py
would reformat /Users/dingjunqing/Desktop/Lirix/.venv_ci312/lib/python3.12/site-packages/eth_account/typed_transactions/dynamic_fee_transaction.py
would reformat /Users/dingjunqing/Desktop/Lirix/.venv_ci312/lib/python3.12/site-packages/eth_hash/utils.py
would reformat /Users/dingjunqing/Desktop/Lirix/.venv_ci312/lib/python3.12/site-packages/eth_account/typed_transactions/blob_transactions/blob_transaction.py
would reformat /Users/dingjunqing/Desktop/Lirix/.venv_ci312/lib/python3.12/site-packages/eth_keys/constants.py
would reformat /Users/dingjunqing/Desktop/Lirix/.venv_ci312/lib/python3.12/site-packages/eth_keys/backends/native/jacobian.py
would reformat /Users/dingjunqing/Desktop/Lirix/.venv_ci312/lib/python3.12/site-packages/eth_keys/backends/coincurve.py
would reformat /Users/dingjunqing/Desktop/Lirix/.venv_ci312/lib/python3.12/site-packages/eth_keys/utils/module_loading.py
would reformat /Users/dingjunqing/Desktop/Lirix/.venv_ci312/lib/python3.12/site-packages/docutils/utils/math/math2html.py
would reformat /Users/dingjunqing/Desktop/Lirix/.venv_ci312/lib/python3.12/site-packages/eth_keys/main.py
would reformat /Users/dingjunqing/Desktop/Lirix/.venv_ci312/lib/python3.12/site-packages/eth_account/typed_transactions/set_code_transaction.py
would reformat /Users/dingjunqing/Desktop/Lirix/.venv_ci312/lib/python3.12/site-packages/eth_keys/backends/native/ecdsa.py
would reformat /Users/dingjunqing/Desktop/Lirix/.venv_ci312/lib/python3.12/site-packages/eth_keys/utils/der.py
would reformat /Users/dingjunqing/Desktop/Lirix/.venv_ci312/lib/python3.12/site-packages/eth_keys/validation.py
would reformat /Users/dingjunqing/Desktop/Lirix/.venv_ci312/lib/python3.12/site-packages/eth_keyfile/keyfile.py
would reformat /Users/dingjunqing/Desktop/Lirix/.venv_ci312/lib/python3.12/site-packages/eth_utils/applicators.py
would reformat /Users/dingjunqing/Desktop/Lirix/.venv_ci312/lib/python3.12/site-packages/eth_utils/address.py
would reformat /Users/dingjunqing/Desktop/Lirix/.venv_ci312/lib/python3.12/site-packages/eth_utils/decorators.py
would reformat /Users/dingjunqing/Desktop/Lirix/.venv_ci312/lib/python3.12/site-packages/eth_utils/hexadecimal.py
would reformat /Users/dingjunqing/Desktop/Lirix/.venv_ci312/lib/python3.12/site-packages/eth_utils/functional.py
would reformat /Users/dingjunqing/Desktop/Lirix/.venv_ci312/lib/python3.12/site-packages/eth_utils/logging.py
would reformat /Users/dingjunqing/Desktop/Lirix/.venv_ci312/lib/python3.12/site-packages/eth_utils/network.py
would reformat /Users/dingjunqing/Desktop/Lirix/.venv_ci312/lib/python3.12/site-packages/eth_utils/numeric.py
would reformat /Users/dingjunqing/Desktop/Lirix/.venv_ci312/lib/python3.12/site-packages/filelock/__init__.py
would reformat /Users/dingjunqing/Desktop/Lirix/.venv_ci312/lib/python3.12/site-packages/eth_keys/datatypes.py
would reformat /Users/dingjunqing/Desktop/Lirix/.venv_ci312/lib/python3.12/site-packages/eth_utils/abi.py
would reformat /Users/dingjunqing/Desktop/Lirix/.venv_ci312/lib/python3.12/site-packages/eth_utils/conversions.py
would reformat /Users/dingjunqing/Desktop/Lirix/.venv_ci312/lib/python3.12/site-packages/filelock/_soft_rw/_async.py
would reformat /Users/dingjunqing/Desktop/Lirix/.venv_ci312/lib/python3.12/site-packages/filelock/_read_write.py
would reformat /Users/dingjunqing/Desktop/Lirix/.venv_ci312/lib/python3.12/site-packages/filelock/_util.py
would reformat /Users/dingjunqing/Desktop/Lirix/.venv_ci312/lib/python3.12/site-packages/filelock/_soft.py
would reformat /Users/dingjunqing/Desktop/Lirix/.venv_ci312/lib/python3.12/site-packages/eth_utils/humanize.py
would reformat /Users/dingjunqing/Desktop/Lirix/.venv_ci312/lib/python3.12/site-packages/filelock/version.py
would reformat /Users/dingjunqing/Desktop/Lirix/.venv_ci312/lib/python3.12/site-packages/eth_utils/curried/__init__.py
would reformat /Users/dingjunqing/Desktop/Lirix/.venv_ci312/lib/python3.12/site-packages/filelock/_unix.py
would reformat /Users/dingjunqing/Desktop/Lirix/.venv_ci312/lib/python3.12/site-packages/filelock/_windows.py
would reformat /Users/dingjunqing/Desktop/Lirix/.venv_ci312/lib/python3.12/site-packages/filelock/_async_read_write.py
would reformat /Users/dingjunqing/Desktop/Lirix/.venv_ci312/lib/python3.12/site-packages/filelock/_api.py
would reformat /Users/dingjunqing/Desktop/Lirix/.venv_ci312/lib/python3.12/site-packages/h11/_headers.py
would reformat /Users/dingjunqing/Desktop/Lirix/.venv_ci312/lib/python3.12/site-packages/filelock/asyncio.py
would reformat /Users/dingjunqing/Desktop/Lirix/.venv_ci312/lib/python3.12/site-packages/h11/_util.py
would reformat /Users/dingjunqing/Desktop/Lirix/.venv_ci312/lib/python3.12/site-packages/hexbytes/_utils.py
would reformat /Users/dingjunqing/Desktop/Lirix/.venv_ci312/lib/python3.12/site-packages/h11/_events.py
would reformat /Users/dingjunqing/Desktop/Lirix/.venv_ci312/lib/python3.12/site-packages/httpcore/__init__.py
would reformat /Users/dingjunqing/Desktop/Lirix/.venv_ci312/lib/python3.12/site-packages/h11/_writers.py
would reformat /Users/dingjunqing/Desktop/Lirix/.venv_ci312/lib/python3.12/site-packages/h11/_state.py
would reformat /Users/dingjunqing/Desktop/Lirix/.venv_ci312/lib/python3.12/site-packages/h11/_connection.py
would reformat /Users/dingjunqing/Desktop/Lirix/.venv_ci312/lib/python3.12/site-packages/h11/_readers.py
would reformat /Users/dingjunqing/Desktop/Lirix/.venv_ci312/lib/python3.12/site-packages/httpcore/_async/connection.py
would reformat /Users/dingjunqing/Desktop/Lirix/.venv_ci312/lib/python3.12/site-packages/httpcore/_async/connection_pool.py
would reformat /Users/dingjunqing/Desktop/Lirix/.venv_ci312/lib/python3.12/site-packages/filelock/_soft_rw/_sync.py
would reformat /Users/dingjunqing/Desktop/Lirix/.venv_ci312/lib/python3.12/site-packages/httpcore/_async/socks_proxy.py
would reformat /Users/dingjunqing/Desktop/Lirix/.venv_ci312/lib/python3.12/site-packages/httpcore/_async/http11.py
would reformat /Users/dingjunqing/Desktop/Lirix/.venv_ci312/lib/python3.12/site-packages/httpcore/_backends/sync.py
would reformat /Users/dingjunqing/Desktop/Lirix/.venv_ci312/lib/python3.12/site-packages/httpcore/_async/http_proxy.py
would reformat /Users/dingjunqing/Desktop/Lirix/.venv_ci312/lib/python3.12/site-packages/httpcore/_async/http2.py
would reformat /Users/dingjunqing/Desktop/Lirix/.venv_ci312/lib/python3.12/site-packages/httpcore/_sync/connection.py
would reformat /Users/dingjunqing/Desktop/Lirix/.venv_ci312/lib/python3.12/site-packages/httpcore/_sync/connection_pool.py
would reformat /Users/dingjunqing/Desktop/Lirix/.venv_ci312/lib/python3.12/site-packages/httpcore/_utils.py
would reformat /Users/dingjunqing/Desktop/Lirix/.venv_ci312/lib/python3.12/site-packages/httpcore/_trace.py
would reformat /Users/dingjunqing/Desktop/Lirix/.venv_ci312/lib/python3.12/site-packages/httpcore/_sync/http_proxy.py
would reformat /Users/dingjunqing/Desktop/Lirix/.venv_ci312/lib/python3.12/site-packages/httpcore/_synchronization.py
would reformat /Users/dingjunqing/Desktop/Lirix/.venv_ci312/lib/python3.12/site-packages/httpcore/_sync/socks_proxy.py
would reformat /Users/dingjunqing/Desktop/Lirix/.venv_ci312/lib/python3.12/site-packages/httpcore/_models.py
would reformat /Users/dingjunqing/Desktop/Lirix/.venv_ci312/lib/python3.12/site-packages/httpcore/_sync/http11.py
would reformat /Users/dingjunqing/Desktop/Lirix/.venv_ci312/lib/python3.12/site-packages/httpcore/_sync/http2.py
would reformat /Users/dingjunqing/Desktop/Lirix/.venv_ci312/lib/python3.12/site-packages/httpx/_auth.py
would reformat /Users/dingjunqing/Desktop/Lirix/.venv_ci312/lib/python3.12/site-packages/docutils/writers/latex2e/__init__.py
would reformat /Users/dingjunqing/Desktop/Lirix/.venv_ci312/lib/python3.12/site-packages/httpx/_content.py
would reformat /Users/dingjunqing/Desktop/Lirix/.venv_ci312/lib/python3.12/site-packages/httpx/_decoders.py
would reformat /Users/dingjunqing/Desktop/Lirix/.venv_ci312/lib/python3.12/site-packages/httpx/_transports/asgi.py
would reformat /Users/dingjunqing/Desktop/Lirix/.venv_ci312/lib/python3.12/site-packages/httpx/_exceptions.py
would reformat /Users/dingjunqing/Desktop/Lirix/.venv_ci312/lib/python3.12/site-packages/httpx/_multipart.py
would reformat /Users/dingjunqing/Desktop/Lirix/.venv_ci312/lib/python3.12/site-packages/httpx/_main.py
would reformat /Users/dingjunqing/Desktop/Lirix/.venv_ci312/lib/python3.12/site-packages/httpx/_transports/wsgi.py
would reformat /Users/dingjunqing/Desktop/Lirix/.venv_ci312/lib/python3.12/site-packages/httpx/_types.py
would reformat /Users/dingjunqing/Desktop/Lirix/.venv_ci312/lib/python3.12/site-packages/docutils/writers/odf_odt/__init__.py
would reformat /Users/dingjunqing/Desktop/Lirix/.venv_ci312/lib/python3.12/site-packages/httpx/_utils.py
would reformat /Users/dingjunqing/Desktop/Lirix/.venv_ci312/lib/python3.12/site-packages/id/_internal/oidc/ambient.py
would reformat /Users/dingjunqing/Desktop/Lirix/.venv_ci312/lib/python3.12/site-packages/iniconfig/_version.py
would reformat /Users/dingjunqing/Desktop/Lirix/.venv_ci312/lib/python3.12/site-packages/iniconfig/__init__.py
would reformat /Users/dingjunqing/Desktop/Lirix/.venv_ci312/lib/python3.12/site-packages/jaraco/classes/meta.py
would reformat /Users/dingjunqing/Desktop/Lirix/.venv_ci312/lib/python3.12/site-packages/jaraco/classes/ancestry.py
would reformat /Users/dingjunqing/Desktop/Lirix/.venv_ci312/lib/python3.12/site-packages/jaraco/classes/properties.py
would reformat /Users/dingjunqing/Desktop/Lirix/.venv_ci312/lib/python3.12/site-packages/idna/core.py
would reformat /Users/dingjunqing/Desktop/Lirix/.venv_ci312/lib/python3.12/site-packages/iniconfig/_parse.py
would reformat /Users/dingjunqing/Desktop/Lirix/.venv_ci312/lib/python3.12/site-packages/keyring/__init__.py
would reformat /Users/dingjunqing/Desktop/Lirix/.venv_ci312/lib/python3.12/site-packages/keyring/__main__.py
would reformat /Users/dingjunqing/Desktop/Lirix/.venv_ci312/lib/python3.12/site-packages/httpx/_urls.py
would reformat /Users/dingjunqing/Desktop/Lirix/.venv_ci312/lib/python3.12/site-packages/jaraco/context/__init__.py
would reformat /Users/dingjunqing/Desktop/Lirix/.venv_ci312/lib/python3.12/site-packages/keyring/backends/SecretService.py
would reformat /Users/dingjunqing/Desktop/Lirix/.venv_ci312/lib/python3.12/site-packages/keyring/backend.py
would reformat /Users/dingjunqing/Desktop/Lirix/.venv_ci312/lib/python3.12/site-packages/keyring/backends/chainer.py
would reformat /Users/dingjunqing/Desktop/Lirix/.venv_ci312/lib/python3.12/site-packages/jaraco/functools/__init__.pyi
would reformat /Users/dingjunqing/Desktop/Lirix/.venv_ci312/lib/python3.12/site-packages/keyring/backends/Windows.py
would reformat /Users/dingjunqing/Desktop/Lirix/.venv_ci312/lib/python3.12/site-packages/keyring/backends/macOS/__init__.py
would reformat /Users/dingjunqing/Desktop/Lirix/.venv_ci312/lib/python3.12/site-packages/jaraco/functools/__init__.py
would reformat /Users/dingjunqing/Desktop/Lirix/.venv_ci312/lib/python3.12/site-packages/keyring/compat/__init__.py
would reformat /Users/dingjunqing/Desktop/Lirix/.venv_ci312/lib/python3.12/site-packages/httpx/_models.py
would reformat /Users/dingjunqing/Desktop/Lirix/.venv_ci312/lib/python3.12/site-packages/keyring/compat/py312.py
would reformat /Users/dingjunqing/Desktop/Lirix/.venv_ci312/lib/python3.12/site-packages/keyring/backends/libsecret.py
would reformat /Users/dingjunqing/Desktop/Lirix/.venv_ci312/lib/python3.12/site-packages/keyring/backends/kwallet.py
would reformat /Users/dingjunqing/Desktop/Lirix/.venv_ci312/lib/python3.12/site-packages/keyring/http.py
would reformat /Users/dingjunqing/Desktop/Lirix/.venv_ci312/lib/python3.12/site-packages/httpx/_urlparse.py
would reformat /Users/dingjunqing/Desktop/Lirix/.venv_ci312/lib/python3.12/site-packages/keyring/completion.py
would reformat /Users/dingjunqing/Desktop/Lirix/.venv_ci312/lib/python3.12/site-packages/keyring/credentials.py
would reformat /Users/dingjunqing/Desktop/Lirix/.venv_ci312/lib/python3.12/site-packages/keyring/errors.py
would reformat /Users/dingjunqing/Desktop/Lirix/.venv_ci312/lib/python3.12/site-packages/keyring/backends/macOS/api.py
would reformat /Users/dingjunqing/Desktop/Lirix/.venv_ci312/lib/python3.12/site-packages/keyring/testing/util.py
would reformat /Users/dingjunqing/Desktop/Lirix/.venv_ci312/lib/python3.12/site-packages/keyring/util/platform_.py
would reformat /Users/dingjunqing/Desktop/Lirix/.venv_ci312/lib/python3.12/site-packages/markdown_it/common/normalize_url.py
would reformat /Users/dingjunqing/Desktop/Lirix/.venv_ci312/lib/python3.12/site-packages/keyring/cli.py
would reformat /Users/dingjunqing/Desktop/Lirix/.venv_ci312/lib/python3.12/site-packages/markdown_it/cli/parse.py
would reformat /Users/dingjunqing/Desktop/Lirix/.venv_ci312/lib/python3.12/site-packages/keyring/testing/backend.py
would reformat /Users/dingjunqing/Desktop/Lirix/.venv_ci312/lib/python3.12/site-packages/markdown_it/parser_inline.py
would reformat /Users/dingjunqing/Desktop/Lirix/.venv_ci312/lib/python3.12/site-packages/markdown_it/main.py
would reformat /Users/dingjunqing/Desktop/Lirix/.venv_ci312/lib/python3.12/site-packages/markdown_it/rules_block/fence.py
would reformat /Users/dingjunqing/Desktop/Lirix/.venv_ci312/lib/python3.12/site-packages/markdown_it/rules_block/html_block.py
would reformat /Users/dingjunqing/Desktop/Lirix/.venv_ci312/lib/python3.12/site-packages/keyring/core.py
would reformat /Users/dingjunqing/Desktop/Lirix/.venv_ci312/lib/python3.12/site-packages/httpx/_client.py
would reformat /Users/dingjunqing/Desktop/Lirix/.venv_ci312/lib/python3.12/site-packages/markdown_it/common/utils.py
would reformat /Users/dingjunqing/Desktop/Lirix/.venv_ci312/lib/python3.12/site-packages/markdown_it/rules_block/paragraph.py
would reformat /Users/dingjunqing/Desktop/Lirix/.venv_ci312/lib/python3.12/site-packages/markdown_it/rules_block/blockquote.py
would reformat /Users/dingjunqing/Desktop/Lirix/.venv_ci312/lib/python3.12/site-packages/markdown_it/rules_core/linkify.py
would reformat /Users/dingjunqing/Desktop/Lirix/.venv_ci312/lib/python3.12/site-packages/markdown_it/renderer.py
would reformat /Users/dingjunqing/Desktop/Lirix/.venv_ci312/lib/python3.12/site-packages/markdown_it/rules_block/state_block.py
would reformat /Users/dingjunqing/Desktop/Lirix/.venv_ci312/lib/python3.12/site-packages/markdown_it/rules_core/text_join.py
would reformat /Users/dingjunqing/Desktop/Lirix/.venv_ci312/lib/python3.12/site-packages/markdown_it/rules_block/reference.py
would reformat /Users/dingjunqing/Desktop/Lirix/.venv_ci312/lib/python3.12/site-packages/markdown_it/rules_core/smartquotes.py
would reformat /Users/dingjunqing/Desktop/Lirix/.venv_ci312/lib/python3.12/site-packages/markdown_it/rules_inline/entity.py
would reformat /Users/dingjunqing/Desktop/Lirix/.venv_ci312/lib/python3.12/site-packages/markdown_it/rules_inline/balance_pairs.py
would reformat /Users/dingjunqing/Desktop/Lirix/.venv_ci312/lib/python3.12/site-packages/markdown_it/token.py
would reformat /Users/dingjunqing/Desktop/Lirix/.venv_ci312/lib/python3.12/site-packages/markdown_it/rules_inline/state_inline.py
would reformat /Users/dingjunqing/Desktop/Lirix/.venv_ci312/lib/python3.12/site-packages/more_itertools/__init__.py
error: cannot format /Users/dingjunqing/Desktop/Lirix/.venv_ci312/lib/python3.12/site-packages/more_itertools/recipes.py: Cannot parse for target version Python 3.9: 380:10:     match incomplete:
would reformat /Users/dingjunqing/Desktop/Lirix/.venv_ci312/lib/python3.12/site-packages/markdown_it/tree.py
would reformat /Users/dingjunqing/Desktop/Lirix/.venv_ci312/lib/python3.12/site-packages/markdown_it/ruler.py
would reformat /Users/dingjunqing/Desktop/Lirix/.venv_ci312/lib/python3.12/site-packages/mdurl/_encode.py
would reformat /Users/dingjunqing/Desktop/Lirix/.venv_ci312/lib/python3.12/site-packages/markdown_it/rules_core/replacements.py
would reformat /Users/dingjunqing/Desktop/Lirix/.venv_ci312/lib/python3.12/site-packages/markdown_it/rules_block/list.py
would reformat /Users/dingjunqing/Desktop/Lirix/.venv_ci312/lib/python3.12/site-packages/mdurl/_parse.py
would reformat /Users/dingjunqing/Desktop/Lirix/.venv_ci312/lib/python3.12/site-packages/mypy/applytype.py
would reformat /Users/dingjunqing/Desktop/Lirix/.venv_ci312/lib/python3.12/site-packages/more_itertools/recipes.pyi
would reformat /Users/dingjunqing/Desktop/Lirix/.venv_ci312/lib/python3.12/site-packages/mypy/cache.py
would reformat /Users/dingjunqing/Desktop/Lirix/.venv_ci312/lib/python3.12/site-packages/more_itertools/more.pyi
would reformat /Users/dingjunqing/Desktop/Lirix/.venv_ci312/lib/python3.12/site-packages/mypy/checkpattern.py
would reformat /Users/dingjunqing/Desktop/Lirix/.venv_ci312/lib/python3.12/site-packages/multidict/_multidict_py.py
would reformat /Users/dingjunqing/Desktop/Lirix/.venv_ci312/lib/python3.12/site-packages/mypy/copytype.py
would reformat /Users/dingjunqing/Desktop/Lirix/.venv_ci312/lib/python3.12/site-packages/mypy/config_parser.py
would reformat /Users/dingjunqing/Desktop/Lirix/.venv_ci312/lib/python3.12/site-packages/mypy/checkmember.py
would reformat /Users/dingjunqing/Desktop/Lirix/.venv_ci312/lib/python3.12/site-packages/mypy/checkstrformat.py
would reformat /Users/dingjunqing/Desktop/Lirix/.venv_ci312/lib/python3.12/site-packages/mypy/errorcodes.py
would reformat /Users/dingjunqing/Desktop/Lirix/.venv_ci312/lib/python3.12/site-packages/more_itertools/more.py
would reformat /Users/dingjunqing/Desktop/Lirix/.venv_ci312/lib/python3.12/site-packages/mypy/inspections.py
would reformat /Users/dingjunqing/Desktop/Lirix/.venv_ci312/lib/python3.12/site-packages/mypy/constraints.py
would reformat /Users/dingjunqing/Desktop/Lirix/.venv_ci312/lib/python3.12/site-packages/mypy/dmypy_server.py
would reformat /Users/dingjunqing/Desktop/Lirix/.venv_ci312/lib/python3.12/site-packages/mypy/message_registry.py
would reformat /Users/dingjunqing/Desktop/Lirix/.venv_ci312/lib/python3.12/site-packages/mypy/join.py
would reformat /Users/dingjunqing/Desktop/Lirix/.venv_ci312/lib/python3.12/site-packages/mypy/main.py
would reformat /Users/dingjunqing/Desktop/Lirix/.venv_ci312/lib/python3.12/site-packages/mypy/modulefinder.py
would reformat /Users/dingjunqing/Desktop/Lirix/.venv_ci312/lib/python3.12/site-packages/mypy/plugin.py
would reformat /Users/dingjunqing/Desktop/Lirix/.venv_ci312/lib/python3.12/site-packages/mypy/plugins/common.py
would reformat /Users/dingjunqing/Desktop/Lirix/.venv_ci312/lib/python3.12/site-packages/mypy/fastparse.py
would reformat /Users/dingjunqing/Desktop/Lirix/.venv_ci312/lib/python3.12/site-packages/mypy/plugins/default.py
would reformat /Users/dingjunqing/Desktop/Lirix/.venv_ci312/lib/python3.12/site-packages/mypy/plugins/attrs.py
would reformat /Users/dingjunqing/Desktop/Lirix/.venv_ci312/lib/python3.12/site-packages/mypy/semanal_enum.py
would reformat /Users/dingjunqing/Desktop/Lirix/.venv_ci312/lib/python3.12/site-packages/mypy/plugins/dataclasses.py
would reformat /Users/dingjunqing/Desktop/Lirix/.venv_ci312/lib/python3.12/site-packages/mypy/semanal_main.py
would reformat /Users/dingjunqing/Desktop/Lirix/.venv_ci312/lib/python3.12/site-packages/mypy/build.py
would reformat /Users/dingjunqing/Desktop/Lirix/.venv_ci312/lib/python3.12/site-packages/mypy/report.py
would reformat /Users/dingjunqing/Desktop/Lirix/.venv_ci312/lib/python3.12/site-packages/mypy/semanal_shared.py
would reformat /Users/dingjunqing/Desktop/Lirix/.venv_ci312/lib/python3.12/site-packages/mypy/semanal_typeargs.py
would reformat /Users/dingjunqing/Desktop/Lirix/.venv_ci312/lib/python3.12/site-packages/mypy/semanal_typeddict.py
would reformat /Users/dingjunqing/Desktop/Lirix/.venv_ci312/lib/python3.12/site-packages/mypy/stubdoc.py
would reformat /Users/dingjunqing/Desktop/Lirix/.venv_ci312/lib/python3.12/site-packages/mypy/server/deps.py
would reformat /Users/dingjunqing/Desktop/Lirix/.venv_ci312/lib/python3.12/site-packages/mypy/server/update.py
would reformat /Users/dingjunqing/Desktop/Lirix/.venv_ci312/lib/python3.12/site-packages/mypy/messages.py
would reformat /Users/dingjunqing/Desktop/Lirix/.venv_ci312/lib/python3.12/site-packages/mypy/test/meta/test_parse_data.py
would reformat /Users/dingjunqing/Desktop/Lirix/.venv_ci312/lib/python3.12/site-packages/mypy/test/meta/test_update_data.py
would reformat /Users/dingjunqing/Desktop/Lirix/.venv_ci312/lib/python3.12/site-packages/mypy/stubgenc.py
would reformat /Users/dingjunqing/Desktop/Lirix/.venv_ci312/lib/python3.12/site-packages/mypy/test/testconstraints.py
would reformat /Users/dingjunqing/Desktop/Lirix/.venv_ci312/lib/python3.12/site-packages/mypy/test/testreports.py
would reformat /Users/dingjunqing/Desktop/Lirix/.venv_ci312/lib/python3.12/site-packages/mypy/test/testmodulefinder.py
would reformat /Users/dingjunqing/Desktop/Lirix/.venv_ci312/lib/python3.12/site-packages/mypy/nodes.py
would reformat /Users/dingjunqing/Desktop/Lirix/.venv_ci312/lib/python3.12/site-packages/mypy/test/typefixture.py
would reformat /Users/dingjunqing/Desktop/Lirix/.venv_ci312/lib/python3.12/site-packages/mypy/stubgen.py
would reformat /Users/dingjunqing/Desktop/Lirix/.venv_ci312/lib/python3.12/site-packages/mypy/tvar_scope.py
would reformat /Users/dingjunqing/Desktop/Lirix/.venv_ci312/lib/python3.12/site-packages/mypy/subtypes.py
would reformat /Users/dingjunqing/Desktop/Lirix/.venv_ci312/lib/python3.12/site-packages/mypy/typeshed/stdlib/__future__.pyi
would reformat /Users/dingjunqing/Desktop/Lirix/.venv_ci312/lib/python3.12/site-packages/mypy/typeshed/stdlib/_asyncio.pyi
would reformat /Users/dingjunqing/Desktop/Lirix/.venv_ci312/lib/python3.12/site-packages/mypy/typeshed/stdlib/_bisect.pyi
would reformat /Users/dingjunqing/Desktop/Lirix/.venv_ci312/lib/python3.12/site-packages/mypy/test/teststubgen.py
would reformat /Users/dingjunqing/Desktop/Lirix/.venv_ci312/lib/python3.12/site-packages/mypy/test/teststubtest.py
would reformat /Users/dingjunqing/Desktop/Lirix/.venv_ci312/lib/python3.12/site-packages/mypy/checkexpr.py
would reformat /Users/dingjunqing/Desktop/Lirix/.venv_ci312/lib/python3.12/site-packages/mypy/typeshed/stdlib/_codecs.pyi
would reformat /Users/dingjunqing/Desktop/Lirix/.venv_ci312/lib/python3.12/site-packages/mypy/typeshed/stdlib/_dbm.pyi
would reformat /Users/dingjunqing/Desktop/Lirix/.venv_ci312/lib/python3.12/site-packages/mypy/typeshed/stdlib/_contextvars.pyi
would reformat /Users/dingjunqing/Desktop/Lirix/.venv_ci312/lib/python3.12/site-packages/mypy/typeshed/stdlib/_frozen_importlib.pyi
would reformat /Users/dingjunqing/Desktop/Lirix/.venv_ci312/lib/python3.12/site-packages/mypy/typeshed/stdlib/_gdbm.pyi
would reformat /Users/dingjunqing/Desktop/Lirix/.venv_ci312/lib/python3.12/site-packages/mypy/typeshed/stdlib/_ctypes.pyi
would reformat /Users/dingjunqing/Desktop/Lirix/.venv_ci312/lib/python3.12/site-packages/mypy/typeshed/stdlib/_heapq.pyi
would reformat /Users/dingjunqing/Desktop/Lirix/.venv_ci312/lib/python3.12/site-packages/mypy/typeops.py
would reformat /Users/dingjunqing/Desktop/Lirix/.venv_ci312/lib/python3.12/site-packages/mypy/typeshed/stdlib/_imp.pyi
would reformat /Users/dingjunqing/Desktop/Lirix/.venv_ci312/lib/python3.12/site-packages/mypy/typeshed/stdlib/_interpchannels.pyi
would reformat /Users/dingjunqing/Desktop/Lirix/.venv_ci312/lib/python3.12/site-packages/mypy/typeshed/stdlib/_frozen_importlib_external.pyi
would reformat /Users/dingjunqing/Desktop/Lirix/.venv_ci312/lib/python3.12/site-packages/mypy/typeshed/stdlib/_interpreters.pyi
would reformat /Users/dingjunqing/Desktop/Lirix/.venv_ci312/lib/python3.12/site-packages/mypy/typeshed/stdlib/_hashlib.pyi
would reformat /Users/dingjunqing/Desktop/Lirix/.venv_ci312/lib/python3.12/site-packages/mypy/typeshed/stdlib/_lzma.pyi
would reformat /Users/dingjunqing/Desktop/Lirix/.venv_ci312/lib/python3.12/site-packages/mypy/test/testtypes.py
would reformat /Users/dingjunqing/Desktop/Lirix/.venv_ci312/lib/python3.12/site-packages/mypy/typeshed/stdlib/_osx_support.pyi
would reformat /Users/dingjunqing/Desktop/Lirix/.venv_ci312/lib/python3.12/site-packages/mypy/typeshed/stdlib/_py_abc.pyi
would reformat /Users/dingjunqing/Desktop/Lirix/.venv_ci312/lib/python3.12/site-packages/mypy/typeshed/stdlib/_pickle.pyi
would reformat /Users/dingjunqing/Desktop/Lirix/.venv_ci312/lib/python3.12/site-packages/mypy/typeshed/stdlib/_lsprof.pyi
would reformat /Users/dingjunqing/Desktop/Lirix/.venv_ci312/lib/python3.12/site-packages/mypy/typeshed/stdlib/_sitebuiltins.pyi
would reformat /Users/dingjunqing/Desktop/Lirix/.venv_ci312/lib/python3.12/site-packages/mypy/typeshed/stdlib/_operator.pyi
would reformat /Users/dingjunqing/Desktop/Lirix/.venv_ci312/lib/python3.12/site-packages/mypy/typeshed/stdlib/_curses.pyi
would reformat /Users/dingjunqing/Desktop/Lirix/.venv_ci312/lib/python3.12/site-packages/mypy/typeshed/stdlib/_struct.pyi
would reformat /Users/dingjunqing/Desktop/Lirix/.venv_ci312/lib/python3.12/site-packages/mypy/typeshed/stdlib/_tkinter.pyi
would reformat /Users/dingjunqing/Desktop/Lirix/.venv_ci312/lib/python3.12/site-packages/mypy/typeshed/stdlib/_thread.pyi
would reformat /Users/dingjunqing/Desktop/Lirix/.venv_ci312/lib/python3.12/site-packages/mypy/typeshed/stdlib/_ssl.pyi
would reformat /Users/dingjunqing/Desktop/Lirix/.venv_ci312/lib/python3.12/site-packages/mypy/typeshed/stdlib/_typeshed/dbapi.pyi
would reformat /Users/dingjunqing/Desktop/Lirix/.venv_ci312/lib/python3.12/site-packages/mypy/typeshed/stdlib/_typeshed/importlib.pyi
would reformat /Users/dingjunqing/Desktop/Lirix/.venv_ci312/lib/python3.12/site-packages/mypy/typeshed/stdlib/_typeshed/xml.pyi
would reformat /Users/dingjunqing/Desktop/Lirix/.venv_ci312/lib/python3.12/site-packages/mypy/typeshed/stdlib/_typeshed/wsgi.pyi
would reformat /Users/dingjunqing/Desktop/Lirix/.venv_ci312/lib/python3.12/site-packages/mypy/typeshed/stdlib/_typeshed/_type_checker_internals.pyi
would reformat /Users/dingjunqing/Desktop/Lirix/.venv_ci312/lib/python3.12/site-packages/mypy/typeshed/stdlib/_weakref.pyi
would reformat /Users/dingjunqing/Desktop/Lirix/.venv_ci312/lib/python3.12/site-packages/mypy/typeshed/stdlib/_warnings.pyi
would reformat /Users/dingjunqing/Desktop/Lirix/.venv_ci312/lib/python3.12/site-packages/mypy/typeshed/stdlib/_zstd.pyi
would reformat /Users/dingjunqing/Desktop/Lirix/.venv_ci312/lib/python3.12/site-packages/mypy/typeshed/stdlib/_typeshed/__init__.pyi
would reformat /Users/dingjunqing/Desktop/Lirix/.venv_ci312/lib/python3.12/site-packages/mypy/typeshed/stdlib/abc.pyi
would reformat /Users/dingjunqing/Desktop/Lirix/.venv_ci312/lib/python3.12/site-packages/mypy/typeshed/stdlib/annotationlib.pyi
would reformat /Users/dingjunqing/Desktop/Lirix/.venv_ci312/lib/python3.12/site-packages/mypy/typeshed/stdlib/aifc.pyi
would reformat /Users/dingjunqing/Desktop/Lirix/.venv_ci312/lib/python3.12/site-packages/mypy/typeshed/stdlib/_winapi.pyi
would reformat /Users/dingjunqing/Desktop/Lirix/.venv_ci312/lib/python3.12/site-packages/mypy/typeshed/stdlib/array.pyi
would reformat /Users/dingjunqing/Desktop/Lirix/.venv_ci312/lib/python3.12/site-packages/mypy/typeshed/stdlib/asyncio/base_futures.pyi
would reformat /Users/dingjunqing/Desktop/Lirix/.venv_ci312/lib/python3.12/site-packages/mypy/typeshed/stdlib/asyncio/base_tasks.pyi
would reformat /Users/dingjunqing/Desktop/Lirix/.venv_ci312/lib/python3.12/site-packages/mypy/typeshed/stdlib/asyncio/coroutines.pyi
would reformat /Users/dingjunqing/Desktop/Lirix/.venv_ci312/lib/python3.12/site-packages/mypy/typeshed/stdlib/_io.pyi
would reformat /Users/dingjunqing/Desktop/Lirix/.venv_ci312/lib/python3.12/site-packages/mypy/typeshed/stdlib/asyncio/format_helpers.pyi
would reformat /Users/dingjunqing/Desktop/Lirix/.venv_ci312/lib/python3.12/site-packages/mypy/typeshed/stdlib/asyncio/futures.pyi
would reformat /Users/dingjunqing/Desktop/Lirix/.venv_ci312/lib/python3.12/site-packages/mypy/typeshed/stdlib/asyncio/graph.pyi
would reformat /Users/dingjunqing/Desktop/Lirix/.venv_ci312/lib/python3.12/site-packages/mypy/typeshed/stdlib/_socket.pyi
would reformat /Users/dingjunqing/Desktop/Lirix/.venv_ci312/lib/python3.12/site-packages/mypy/typeshed/stdlib/asyncio/proactor_events.pyi
would reformat /Users/dingjunqing/Desktop/Lirix/.venv_ci312/lib/python3.12/site-packages/mypy/typeshed/stdlib/asyncio/locks.pyi
would reformat /Users/dingjunqing/Desktop/Lirix/.venv_ci312/lib/python3.12/site-packages/mypy/typeshed/stdlib/asyncio/runners.pyi
would reformat /Users/dingjunqing/Desktop/Lirix/.venv_ci312/lib/python3.12/site-packages/mypy/typeshed/stdlib/argparse.pyi
would reformat /Users/dingjunqing/Desktop/Lirix/.venv_ci312/lib/python3.12/site-packages/mypy/typeshed/stdlib/asyncio/staggered.pyi
would reformat /Users/dingjunqing/Desktop/Lirix/.venv_ci312/lib/python3.12/site-packages/mypy/typeshed/stdlib/asyncio/base_events.pyi
would reformat /Users/dingjunqing/Desktop/Lirix/.venv_ci312/lib/python3.12/site-packages/mypy/typeshed/stdlib/asyncio/taskgroups.pyi
would reformat /Users/dingjunqing/Desktop/Lirix/.venv_ci312/lib/python3.12/site-packages/mypy/typeshed/stdlib/asyncio/sslproto.pyi
would reformat /Users/dingjunqing/Desktop/Lirix/.venv_ci312/lib/python3.12/site-packages/mypy/typeshed/stdlib/asyncio/timeouts.pyi
would reformat /Users/dingjunqing/Desktop/Lirix/.venv_ci312/lib/python3.12/site-packages/mypy/typeanal.py
would reformat /Users/dingjunqing/Desktop/Lirix/.venv_ci312/lib/python3.12/site-packages/mypy/typeshed/stdlib/asyncio/streams.pyi
would reformat /Users/dingjunqing/Desktop/Lirix/.venv_ci312/lib/python3.12/site-packages/mypy/typeshed/stdlib/asyncio/tools.pyi
would reformat /Users/dingjunqing/Desktop/Lirix/.venv_ci312/lib/python3.12/site-packages/mypy/typeshed/stdlib/asyncio/events.pyi
would reformat /Users/dingjunqing/Desktop/Lirix/.venv_ci312/lib/python3.12/site-packages/mypy/typeshed/stdlib/asyncio/windows_events.pyi
would reformat /Users/dingjunqing/Desktop/Lirix/.venv_ci312/lib/python3.12/site-packages/mypy/typeshed/stdlib/asyncio/windows_utils.pyi
would reformat /Users/dingjunqing/Desktop/Lirix/.venv_ci312/lib/python3.12/site-packages/mypy/typeshed/stdlib/asyncio/subprocess.pyi
would reformat /Users/dingjunqing/Desktop/Lirix/.venv_ci312/lib/python3.12/site-packages/mypy/typeshed/stdlib/asyncio/transports.pyi
would reformat /Users/dingjunqing/Desktop/Lirix/.venv_ci312/lib/python3.12/site-packages/mypy/typeshed/stdlib/atexit.pyi
would reformat /Users/dingjunqing/Desktop/Lirix/.venv_ci312/lib/python3.12/site-packages/mypy/typeshed/stdlib/asyncio/trsock.pyi
would reformat /Users/dingjunqing/Desktop/Lirix/.venv_ci312/lib/python3.12/site-packages/mypy/typeshed/stdlib/asyncio/unix_events.pyi
would reformat /Users/dingjunqing/Desktop/Lirix/.venv_ci312/lib/python3.12/site-packages/mypy/typeshed/stdlib/asyncore.pyi
would reformat /Users/dingjunqing/Desktop/Lirix/.venv_ci312/lib/python3.12/site-packages/mypy/typeshed/stdlib/audioop.pyi
would reformat /Users/dingjunqing/Desktop/Lirix/.venv_ci312/lib/python3.12/site-packages/mypy/typeshed/stdlib/base64.pyi
would reformat /Users/dingjunqing/Desktop/Lirix/.venv_ci312/lib/python3.12/site-packages/mypy/typeshed/stdlib/binascii.pyi
would reformat /Users/dingjunqing/Desktop/Lirix/.venv_ci312/lib/python3.12/site-packages/mypy/typeshed/stdlib/bz2.pyi
would reformat /Users/dingjunqing/Desktop/Lirix/.venv_ci312/lib/python3.12/site-packages/mypy/typeshed/stdlib/cProfile.pyi
would reformat /Users/dingjunqing/Desktop/Lirix/.venv_ci312/lib/python3.12/site-packages/mypy/typeshed/stdlib/cgitb.pyi
would reformat /Users/dingjunqing/Desktop/Lirix/.venv_ci312/lib/python3.12/site-packages/mypy/typeshed/stdlib/bdb.pyi
would reformat /Users/dingjunqing/Desktop/Lirix/.venv_ci312/lib/python3.12/site-packages/mypy/typeshed/stdlib/chunk.pyi
would reformat /Users/dingjunqing/Desktop/Lirix/.venv_ci312/lib/python3.12/site-packages/mypy/typeshed/stdlib/cmath.pyi
would reformat /Users/dingjunqing/Desktop/Lirix/.venv_ci312/lib/python3.12/site-packages/mypy/typeshed/stdlib/asyncio/tasks.pyi
would reformat /Users/dingjunqing/Desktop/Lirix/.venv_ci312/lib/python3.12/site-packages/mypy/typeshed/stdlib/cgi.pyi
would reformat /Users/dingjunqing/Desktop/Lirix/.venv_ci312/lib/python3.12/site-packages/mypy/typeshed/stdlib/cmd.pyi
would reformat /Users/dingjunqing/Desktop/Lirix/.venv_ci312/lib/python3.12/site-packages/mypy/typeshed/stdlib/codeop.pyi
would reformat /Users/dingjunqing/Desktop/Lirix/.venv_ci312/lib/python3.12/site-packages/mypy/typeshed/stdlib/compression/_common/_streams.pyi
would reformat /Users/dingjunqing/Desktop/Lirix/.venv_ci312/lib/python3.12/site-packages/mypy/typeshed/stdlib/code.pyi
would reformat /Users/dingjunqing/Desktop/Lirix/.venv_ci312/lib/python3.12/site-packages/mypy/typeshed/stdlib/calendar.pyi
would reformat /Users/dingjunqing/Desktop/Lirix/.venv_ci312/lib/python3.12/site-packages/mypy/typeshed/stdlib/compression/zstd/__init__.pyi
would reformat /Users/dingjunqing/Desktop/Lirix/.venv_ci312/lib/python3.12/site-packages/mypy/typeshed/stdlib/concurrent/futures/interpreter.pyi
would reformat /Users/dingjunqing/Desktop/Lirix/.venv_ci312/lib/python3.12/site-packages/mypy/typeshed/stdlib/concurrent/futures/_base.pyi
would reformat /Users/dingjunqing/Desktop/Lirix/.venv_ci312/lib/python3.12/site-packages/mypy/typeshed/stdlib/concurrent/interpreters/__init__.pyi
would reformat /Users/dingjunqing/Desktop/Lirix/.venv_ci312/lib/python3.12/site-packages/mypy/typeshed/stdlib/concurrent/interpreters/_crossinterp.pyi
would reformat /Users/dingjunqing/Desktop/Lirix/.venv_ci312/lib/python3.12/site-packages/mypy/typeshed/stdlib/concurrent/futures/thread.pyi
would reformat /Users/dingjunqing/Desktop/Lirix/.venv_ci312/lib/python3.12/site-packages/mypy/typeshed/stdlib/concurrent/interpreters/_queues.pyi
would reformat /Users/dingjunqing/Desktop/Lirix/.venv_ci312/lib/python3.12/site-packages/mypy/typeshed/stdlib/contextvars.pyi
would reformat /Users/dingjunqing/Desktop/Lirix/.venv_ci312/lib/python3.12/site-packages/mypy/typeshed/stdlib/concurrent/futures/process.pyi
would reformat /Users/dingjunqing/Desktop/Lirix/.venv_ci312/lib/python3.12/site-packages/mypy/typeshed/stdlib/codecs.pyi
would reformat /Users/dingjunqing/Desktop/Lirix/.venv_ci312/lib/python3.12/site-packages/mypy/checker.py
would reformat /Users/dingjunqing/Desktop/Lirix/.venv_ci312/lib/python3.12/site-packages/mypy/typeshed/stdlib/copyreg.pyi
would reformat /Users/dingjunqing/Desktop/Lirix/.venv_ci312/lib/python3.12/site-packages/mypy/typeshed/stdlib/ctypes/macholib/dyld.pyi
would reformat /Users/dingjunqing/Desktop/Lirix/.venv_ci312/lib/python3.12/site-packages/mypy/typeshed/stdlib/contextlib.pyi
would reformat /Users/dingjunqing/Desktop/Lirix/.venv_ci312/lib/python3.12/site-packages/mypy/typeshed/stdlib/curses/__init__.pyi
would reformat /Users/dingjunqing/Desktop/Lirix/.venv_ci312/lib/python3.12/site-packages/mypy/typeshed/stdlib/dbm/__init__.pyi
would reformat /Users/dingjunqing/Desktop/Lirix/.venv_ci312/lib/python3.12/site-packages/mypy/typeshed/stdlib/dbm/dumb.pyi
would reformat /Users/dingjunqing/Desktop/Lirix/.venv_ci312/lib/python3.12/site-packages/mypy/typeshed/stdlib/configparser.pyi
would reformat /Users/dingjunqing/Desktop/Lirix/.venv_ci312/lib/python3.12/site-packages/mypy/typeshed/stdlib/dbm/sqlite3.pyi
would reformat /Users/dingjunqing/Desktop/Lirix/.venv_ci312/lib/python3.12/site-packages/mypy/typeshed/stdlib/ctypes/__init__.pyi
would reformat /Users/dingjunqing/Desktop/Lirix/.venv_ci312/lib/python3.12/site-packages/mypy/typeshed/stdlib/collections/__init__.pyi
would reformat /Users/dingjunqing/Desktop/Lirix/.venv_ci312/lib/python3.12/site-packages/mypy/typeshed/stdlib/distutils/archive_util.pyi
would reformat /Users/dingjunqing/Desktop/Lirix/.venv_ci312/lib/python3.12/site-packages/mypy/types.py
would reformat /Users/dingjunqing/Desktop/Lirix/.venv_ci312/lib/python3.12/site-packages/mypy/typeshed/stdlib/difflib.pyi
would reformat /Users/dingjunqing/Desktop/Lirix/.venv_ci312/lib/python3.12/site-packages/mypy/typeshed/stdlib/distutils/command/bdist_msi.pyi
would reformat /Users/dingjunqing/Desktop/Lirix/.venv_ci312/lib/python3.12/site-packages/mypy/typeshed/stdlib/distutils/command/bdist_wininst.pyi
would reformat /Users/dingjunqing/Desktop/Lirix/.venv_ci312/lib/python3.12/site-packages/mypy/typeshed/stdlib/datetime.pyi
would reformat /Users/dingjunqing/Desktop/Lirix/.venv_ci312/lib/python3.12/site-packages/mypy/typeshed/stdlib/dis.pyi
would reformat /Users/dingjunqing/Desktop/Lirix/.venv_ci312/lib/python3.12/site-packages/mypy/typeshed/stdlib/distutils/command/install.pyi
would reformat /Users/dingjunqing/Desktop/Lirix/.venv_ci312/lib/python3.12/site-packages/mypy/typeshed/stdlib/dataclasses.pyi
would reformat /Users/dingjunqing/Desktop/Lirix/.venv_ci312/lib/python3.12/site-packages/mypy/typeshed/stdlib/distutils/dep_util.pyi
would reformat /Users/dingjunqing/Desktop/Lirix/.venv_ci312/lib/python3.12/site-packages/mypy/typeshed/stdlib/distutils/command/config.pyi
would reformat /Users/dingjunqing/Desktop/Lirix/.venv_ci312/lib/python3.12/site-packages/mypy/typeshed/stdlib/distutils/dir_util.pyi
would reformat /Users/dingjunqing/Desktop/Lirix/.venv_ci312/lib/python3.12/site-packages/mypy/typeshed/stdlib/distutils/core.pyi
would reformat /Users/dingjunqing/Desktop/Lirix/.venv_ci312/lib/python3.12/site-packages/mypy/typeshed/stdlib/distutils/fancy_getopt.pyi
would reformat /Users/dingjunqing/Desktop/Lirix/.venv_ci312/lib/python3.12/site-packages/mypy/typeshed/stdlib/distutils/file_util.pyi
would reformat /Users/dingjunqing/Desktop/Lirix/.venv_ci312/lib/python3.12/site-packages/mypy/typeshed/stdlib/distutils/ccompiler.pyi
would reformat /Users/dingjunqing/Desktop/Lirix/.venv_ci312/lib/python3.12/site-packages/mypy/typeshed/stdlib/decimal.pyi
would reformat /Users/dingjunqing/Desktop/Lirix/.venv_ci312/lib/python3.12/site-packages/mypy/typeshed/stdlib/distutils/sysconfig.pyi
would reformat /Users/dingjunqing/Desktop/Lirix/.venv_ci312/lib/python3.12/site-packages/mypy/typeshed/stdlib/distutils/filelist.pyi
would reformat /Users/dingjunqing/Desktop/Lirix/.venv_ci312/lib/python3.12/site-packages/mypy/typeshed/stdlib/email/__init__.pyi
would reformat /Users/dingjunqing/Desktop/Lirix/.venv_ci312/lib/python3.12/site-packages/mypy/typeshed/stdlib/email/feedparser.pyi
would reformat /Users/dingjunqing/Desktop/Lirix/.venv_ci312/lib/python3.12/site-packages/mypy/typeshed/stdlib/email/charset.pyi
would reformat /Users/dingjunqing/Desktop/Lirix/.venv_ci312/lib/python3.12/site-packages/mypy/typeshed/stdlib/email/_policybase.pyi
would reformat /Users/dingjunqing/Desktop/Lirix/.venv_ci312/lib/python3.12/site-packages/mypy/typeshed/stdlib/email/iterators.pyi
would reformat /Users/dingjunqing/Desktop/Lirix/.venv_ci312/lib/python3.12/site-packages/mypy/typeshed/stdlib/email/header.pyi
would reformat /Users/dingjunqing/Desktop/Lirix/.venv_ci312/lib/python3.12/site-packages/mypy/typeshed/stdlib/email/mime/base.pyi
would reformat /Users/dingjunqing/Desktop/Lirix/.venv_ci312/lib/python3.12/site-packages/mypy/typeshed/stdlib/email/mime/message.pyi
would reformat /Users/dingjunqing/Desktop/Lirix/.venv_ci312/lib/python3.12/site-packages/mypy/typeshed/stdlib/email/mime/text.pyi
would reformat /Users/dingjunqing/Desktop/Lirix/.venv_ci312/lib/python3.12/site-packages/mypy/typeshed/stdlib/email/generator.pyi
would reformat /Users/dingjunqing/Desktop/Lirix/.venv_ci312/lib/python3.12/site-packages/mypy/typeshed/stdlib/email/policy.pyi
would reformat /Users/dingjunqing/Desktop/Lirix/.venv_ci312/lib/python3.12/site-packages/mypy/typeshed/stdlib/email/parser.pyi
would reformat /Users/dingjunqing/Desktop/Lirix/.venv_ci312/lib/python3.12/site-packages/mypy/typeshed/stdlib/doctest.pyi
would reformat /Users/dingjunqing/Desktop/Lirix/.venv_ci312/lib/python3.12/site-packages/mypy/typeshed/stdlib/email/utils.pyi
would reformat /Users/dingjunqing/Desktop/Lirix/.venv_ci312/lib/python3.12/site-packages/mypy/typeshed/stdlib/ast.pyi
would reformat /Users/dingjunqing/Desktop/Lirix/.venv_ci312/lib/python3.12/site-packages/mypy/typeshed/stdlib/email/message.pyi
would reformat /Users/dingjunqing/Desktop/Lirix/.venv_ci312/lib/python3.12/site-packages/mypy/typeshed/stdlib/encodings/idna.pyi
would reformat /Users/dingjunqing/Desktop/Lirix/.venv_ci312/lib/python3.12/site-packages/mypy/typeshed/stdlib/distutils/cmd.pyi
would reformat /Users/dingjunqing/Desktop/Lirix/.venv_ci312/lib/python3.12/site-packages/mypy/typeshed/stdlib/email/headerregistry.pyi
would reformat /Users/dingjunqing/Desktop/Lirix/.venv_ci312/lib/python3.12/site-packages/mypy/typeshed/stdlib/encodings/oem.pyi
would reformat /Users/dingjunqing/Desktop/Lirix/.venv_ci312/lib/python3.12/site-packages/mypy/typeshed/stdlib/encodings/mbcs.pyi
would reformat /Users/dingjunqing/Desktop/Lirix/.venv_ci312/lib/python3.12/site-packages/mypy/typeshed/stdlib/encodings/utf_16_be.pyi
would reformat /Users/dingjunqing/Desktop/Lirix/.venv_ci312/lib/python3.12/site-packages/mypy/typeshed/stdlib/encodings/utf_16.pyi
would reformat /Users/dingjunqing/Desktop/Lirix/.venv_ci312/lib/python3.12/site-packages/mypy/typeshed/stdlib/encodings/utf_16_le.pyi
would reformat /Users/dingjunqing/Desktop/Lirix/.venv_ci312/lib/python3.12/site-packages/mypy/typeshed/stdlib/encodings/utf_32.pyi
would reformat /Users/dingjunqing/Desktop/Lirix/.venv_ci312/lib/python3.12/site-packages/mypy/typeshed/stdlib/distutils/dist.pyi
would reformat /Users/dingjunqing/Desktop/Lirix/.venv_ci312/lib/python3.12/site-packages/mypy/typeshed/stdlib/encodings/utf_32_le.pyi
would reformat /Users/dingjunqing/Desktop/Lirix/.venv_ci312/lib/python3.12/site-packages/mypy/typeshed/stdlib/encodings/utf_7.pyi
would reformat /Users/dingjunqing/Desktop/Lirix/.venv_ci312/lib/python3.12/site-packages/mypy/typeshed/stdlib/encodings/unicode_escape.pyi
would reformat /Users/dingjunqing/Desktop/Lirix/.venv_ci312/lib/python3.12/site-packages/mypy/typeshed/stdlib/encodings/utf_32_be.pyi
would reformat /Users/dingjunqing/Desktop/Lirix/.venv_ci312/lib/python3.12/site-packages/mypy/typeshed/stdlib/encodings/punycode.pyi
would reformat /Users/dingjunqing/Desktop/Lirix/.venv_ci312/lib/python3.12/site-packages/mypy/typeshed/stdlib/encodings/utf_8_sig.pyi
would reformat /Users/dingjunqing/Desktop/Lirix/.venv_ci312/lib/python3.12/site-packages/mypy/typeshed/stdlib/encodings/utf_8.pyi
would reformat /Users/dingjunqing/Desktop/Lirix/.venv_ci312/lib/python3.12/site-packages/mypy/typeshed/stdlib/faulthandler.pyi
would reformat /Users/dingjunqing/Desktop/Lirix/.venv_ci312/lib/python3.12/site-packages/mypy/typeshed/stdlib/filecmp.pyi
would reformat /Users/dingjunqing/Desktop/Lirix/.venv_ci312/lib/python3.12/site-packages/mypy/typeshed/stdlib/fileinput.pyi
would reformat /Users/dingjunqing/Desktop/Lirix/.venv_ci312/lib/python3.12/site-packages/mypy/typeshed/stdlib/genericpath.pyi
would reformat /Users/dingjunqing/Desktop/Lirix/.venv_ci312/lib/python3.12/site-packages/mypy/typeshed/stdlib/encodings/raw_unicode_escape.pyi
would reformat /Users/dingjunqing/Desktop/Lirix/.venv_ci312/lib/python3.12/site-packages/mypy/typeshed/stdlib/fractions.pyi
would reformat /Users/dingjunqing/Desktop/Lirix/.venv_ci312/lib/python3.12/site-packages/mypy/typeshed/stdlib/fcntl.pyi
would reformat /Users/dingjunqing/Desktop/Lirix/.venv_ci312/lib/python3.12/site-packages/mypy/typeshed/stdlib/enum.pyi
would reformat /Users/dingjunqing/Desktop/Lirix/.venv_ci312/lib/python3.12/site-packages/mypy/typeshed/stdlib/ftplib.pyi
would reformat /Users/dingjunqing/Desktop/Lirix/.venv_ci312/lib/python3.12/site-packages/mypy/typeshed/stdlib/hashlib.pyi
would reformat /Users/dingjunqing/Desktop/Lirix/.venv_ci312/lib/python3.12/site-packages/mypy/typeshed/stdlib/glob.pyi
would reformat /Users/dingjunqing/Desktop/Lirix/.venv_ci312/lib/python3.12/site-packages/mypy/typeshed/stdlib/hmac.pyi
would reformat /Users/dingjunqing/Desktop/Lirix/.venv_ci312/lib/python3.12/site-packages/mypy/typeshed/stdlib/heapq.pyi
would reformat /Users/dingjunqing/Desktop/Lirix/.venv_ci312/lib/python3.12/site-packages/mypy/semanal.py
would reformat /Users/dingjunqing/Desktop/Lirix/.venv_ci312/lib/python3.12/site-packages/mypy/typeshed/stdlib/getpass.pyi
would reformat /Users/dingjunqing/Desktop/Lirix/.venv_ci312/lib/python3.12/site-packages/mypy/typeshed/stdlib/gzip.pyi
would reformat /Users/dingjunqing/Desktop/Lirix/.venv_ci312/lib/python3.12/site-packages/mypy/typeshed/stdlib/functools.pyi
would reformat /Users/dingjunqing/Desktop/Lirix/.venv_ci312/lib/python3.12/site-packages/mypy/typeshed/stdlib/gettext.pyi
would reformat /Users/dingjunqing/Desktop/Lirix/.venv_ci312/lib/python3.12/site-packages/mypy/typeshed/stdlib/importlib/__init__.pyi
would reformat /Users/dingjunqing/Desktop/Lirix/.venv_ci312/lib/python3.12/site-packages/mypy/typeshed/stdlib/http/cookies.pyi
would reformat /Users/dingjunqing/Desktop/Lirix/.venv_ci312/lib/python3.12/site-packages/mypy/typeshed/stdlib/importlib/machinery.pyi
would reformat /Users/dingjunqing/Desktop/Lirix/.venv_ci312/lib/python3.12/site-packages/mypy/typeshed/stdlib/imp.pyi
would reformat /Users/dingjunqing/Desktop/Lirix/.venv_ci312/lib/python3.12/site-packages/mypy/typeshed/stdlib/importlib/resources/_common.pyi
would reformat /Users/dingjunqing/Desktop/Lirix/.venv_ci312/lib/python3.12/site-packages/mypy/typeshed/stdlib/http/server.pyi
would reformat /Users/dingjunqing/Desktop/Lirix/.venv_ci312/lib/python3.12/site-packages/mypy/typeshed/stdlib/importlib/resources/__init__.pyi
would reformat /Users/dingjunqing/Desktop/Lirix/.venv_ci312/lib/python3.12/site-packages/mypy/typeshed/stdlib/importlib/resources/_functional.pyi
would reformat /Users/dingjunqing/Desktop/Lirix/.venv_ci312/lib/python3.12/site-packages/mypy/typeshed/stdlib/importlib/abc.pyi
would reformat /Users/dingjunqing/Desktop/Lirix/.venv_ci312/lib/python3.12/site-packages/mypy/typeshed/stdlib/http/cookiejar.pyi
would reformat /Users/dingjunqing/Desktop/Lirix/.venv_ci312/lib/python3.12/site-packages/mypy/typeshed/stdlib/importlib/resources/abc.pyi
would reformat /Users/dingjunqing/Desktop/Lirix/.venv_ci312/lib/python3.12/site-packages/mypy/typeshed/stdlib/imaplib.pyi
would reformat /Users/dingjunqing/Desktop/Lirix/.venv_ci312/lib/python3.12/site-packages/mypy/typeshed/stdlib/importlib/util.pyi
would reformat /Users/dingjunqing/Desktop/Lirix/.venv_ci312/lib/python3.12/site-packages/mypy/typeshed/stdlib/lib2to3/btm_matcher.pyi
would reformat /Users/dingjunqing/Desktop/Lirix/.venv_ci312/lib/python3.12/site-packages/mypy/typeshed/stdlib/lib2to3/fixes/fix_urllib.pyi
would reformat /Users/dingjunqing/Desktop/Lirix/.venv_ci312/lib/python3.12/site-packages/mypy/typeshed/stdlib/http/client.pyi
would reformat /Users/dingjunqing/Desktop/Lirix/.venv_ci312/lib/python3.12/site-packages/mypy/typeshed/stdlib/lib2to3/refactor.pyi
would reformat /Users/dingjunqing/Desktop/Lirix/.venv_ci312/lib/python3.12/site-packages/mypy/typeshed/stdlib/ipaddress.pyi
would reformat /Users/dingjunqing/Desktop/Lirix/.venv_ci312/lib/python3.12/site-packages/mypy/typeshed/stdlib/locale.pyi
would reformat /Users/dingjunqing/Desktop/Lirix/.venv_ci312/lib/python3.12/site-packages/mypy/typeshed/stdlib/encodings/charmap.pyi
would reformat /Users/dingjunqing/Desktop/Lirix/.venv_ci312/lib/python3.12/site-packages/mypy/typeshed/stdlib/lib2to3/pytree.pyi
would reformat /Users/dingjunqing/Desktop/Lirix/.venv_ci312/lib/python3.12/site-packages/mypy/typeshed/stdlib/importlib/metadata/__init__.pyi
would reformat /Users/dingjunqing/Desktop/Lirix/.venv_ci312/lib/python3.12/site-packages/mypy/typeshed/stdlib/mailcap.pyi
would reformat /Users/dingjunqing/Desktop/Lirix/.venv_ci312/lib/python3.12/site-packages/mypy/typeshed/stdlib/lzma.pyi
would reformat /Users/dingjunqing/Desktop/Lirix/.venv_ci312/lib/python3.12/site-packages/mypy/typeshed/stdlib/logging/config.pyi
would reformat /Users/dingjunqing/Desktop/Lirix/.venv_ci312/lib/python3.12/site-packages/mypy/typeshed/stdlib/lib2to3/pgen2/driver.pyi
would reformat /Users/dingjunqing/Desktop/Lirix/.venv_ci312/lib/python3.12/site-packages/mypy/typeshed/stdlib/marshal.pyi
would reformat /Users/dingjunqing/Desktop/Lirix/.venv_ci312/lib/python3.12/site-packages/mypy/typeshed/stdlib/modulefinder.pyi
would reformat /Users/dingjunqing/Desktop/Lirix/.venv_ci312/lib/python3.12/site-packages/mypy/typeshed/stdlib/math.pyi
would reformat /Users/dingjunqing/Desktop/Lirix/.venv_ci312/lib/python3.12/site-packages/mypy/typeshed/stdlib/logging/handlers.pyi
would reformat /Users/dingjunqing/Desktop/Lirix/.venv_ci312/lib/python3.12/site-packages/mypy/typeshed/stdlib/mmap.pyi
would reformat /Users/dingjunqing/Desktop/Lirix/.venv_ci312/lib/python3.12/site-packages/mypy/typeshed/stdlib/msilib/schema.pyi
would reformat /Users/dingjunqing/Desktop/Lirix/.venv_ci312/lib/python3.12/site-packages/mypy/typeshed/stdlib/mimetypes.pyi
would reformat /Users/dingjunqing/Desktop/Lirix/.venv_ci312/lib/python3.12/site-packages/mypy/typeshed/stdlib/multiprocessing/__init__.pyi
would reformat /Users/dingjunqing/Desktop/Lirix/.venv_ci312/lib/python3.12/site-packages/mypy/typeshed/stdlib/builtins.pyi
would reformat /Users/dingjunqing/Desktop/Lirix/.venv_ci312/lib/python3.12/site-packages/mypy/typeshed/stdlib/itertools.pyi
would reformat /Users/dingjunqing/Desktop/Lirix/.venv_ci312/lib/python3.12/site-packages/mypy/typeshed/stdlib/msilib/__init__.pyi
would reformat /Users/dingjunqing/Desktop/Lirix/.venv_ci312/lib/python3.12/site-packages/mypy/typeshed/stdlib/multiprocessing/dummy/__init__.pyi
would reformat /Users/dingjunqing/Desktop/Lirix/.venv_ci312/lib/python3.12/site-packages/mypy/typeshed/stdlib/multiprocessing/connection.pyi
would reformat /Users/dingjunqing/Desktop/Lirix/.venv_ci312/lib/python3.12/site-packages/mypy/typeshed/stdlib/multiprocessing/forkserver.pyi
would reformat /Users/dingjunqing/Desktop/Lirix/.venv_ci312/lib/python3.12/site-packages/mypy/typeshed/stdlib/multiprocessing/heap.pyi
would reformat /Users/dingjunqing/Desktop/Lirix/.venv_ci312/lib/python3.12/site-packages/mypy/typeshed/stdlib/inspect.pyi
would reformat /Users/dingjunqing/Desktop/Lirix/.venv_ci312/lib/python3.12/site-packages/mypy/typeshed/stdlib/multiprocessing/shared_memory.pyi
would reformat /Users/dingjunqing/Desktop/Lirix/.venv_ci312/lib/python3.12/site-packages/mypy/typeshed/stdlib/multiprocessing/reduction.pyi
would reformat /Users/dingjunqing/Desktop/Lirix/.venv_ci312/lib/python3.12/site-packages/mypy/typeshed/stdlib/multiprocessing/pool.pyi
would reformat /Users/dingjunqing/Desktop/Lirix/.venv_ci312/lib/python3.12/site-packages/mypy/typeshed/stdlib/netrc.pyi
would reformat /Users/dingjunqing/Desktop/Lirix/.venv_ci312/lib/python3.12/site-packages/mypy/typeshed/stdlib/multiprocessing/synchronize.pyi
would reformat /Users/dingjunqing/Desktop/Lirix/.venv_ci312/lib/python3.12/site-packages/mypy/typeshed/stdlib/multiprocessing/sharedctypes.pyi
would reformat /Users/dingjunqing/Desktop/Lirix/.venv_ci312/lib/python3.12/site-packages/mypy/typeshed/stdlib/multiprocessing/dummy/connection.pyi
would reformat /Users/dingjunqing/Desktop/Lirix/.venv_ci312/lib/python3.12/site-packages/mypy/typeshed/stdlib/logging/__init__.pyi
would reformat /Users/dingjunqing/Desktop/Lirix/.venv_ci312/lib/python3.12/site-packages/mypy/typeshed/stdlib/multiprocessing/spawn.pyi
would reformat /Users/dingjunqing/Desktop/Lirix/.venv_ci312/lib/python3.12/site-packages/mypy/typeshed/stdlib/opcode.pyi
would reformat /Users/dingjunqing/Desktop/Lirix/.venv_ci312/lib/python3.12/site-packages/mypy/typeshed/stdlib/nntplib.pyi
would reformat /Users/dingjunqing/Desktop/Lirix/.venv_ci312/lib/python3.12/site-packages/mypy/typeshed/stdlib/operator.pyi
would reformat /Users/dingjunqing/Desktop/Lirix/.venv_ci312/lib/python3.12/site-packages/mypy/typeshed/stdlib/multiprocessing/context.pyi
would reformat /Users/dingjunqing/Desktop/Lirix/.venv_ci312/lib/python3.12/site-packages/mypy/typeshed/stdlib/multiprocessing/util.pyi
would reformat /Users/dingjunqing/Desktop/Lirix/.venv_ci312/lib/python3.12/site-packages/mypy/typeshed/stdlib/pkgutil.pyi
would reformat /Users/dingjunqing/Desktop/Lirix/.venv_ci312/lib/python3.12/site-packages/mypy/typeshed/stdlib/platform.pyi
would reformat /Users/dingjunqing/Desktop/Lirix/.venv_ci312/lib/python3.12/site-packages/mypy/typeshed/stdlib/pickletools.pyi
would reformat /Users/dingjunqing/Desktop/Lirix/.venv_ci312/lib/python3.12/site-packages/mypy/typeshed/stdlib/pickle.pyi
would reformat /Users/dingjunqing/Desktop/Lirix/.venv_ci312/lib/python3.12/site-packages/mypy/typeshed/stdlib/plistlib.pyi
would reformat /Users/dingjunqing/Desktop/Lirix/.venv_ci312/lib/python3.12/site-packages/mypy/typeshed/stdlib/poplib.pyi
would reformat /Users/dingjunqing/Desktop/Lirix/.venv_ci312/lib/python3.12/site-packages/mypy/typeshed/stdlib/posixpath.pyi
would reformat /Users/dingjunqing/Desktop/Lirix/.venv_ci312/lib/python3.12/site-packages/mypy/typeshed/stdlib/profile.pyi
would reformat /Users/dingjunqing/Desktop/Lirix/.venv_ci312/lib/python3.12/site-packages/mypy/typeshed/stdlib/posix.pyi
would reformat /Users/dingjunqing/Desktop/Lirix/.venv_ci312/lib/python3.12/site-packages/mypy/typeshed/stdlib/pstats.pyi
would reformat /Users/dingjunqing/Desktop/Lirix/.venv_ci312/lib/python3.12/site-packages/mypy/typeshed/stdlib/pty.pyi
would reformat /Users/dingjunqing/Desktop/Lirix/.venv_ci312/lib/python3.12/site-packages/mypy/typeshed/stdlib/pwd.pyi
would reformat /Users/dingjunqing/Desktop/Lirix/.venv_ci312/lib/python3.12/site-packages/mypy/typeshed/stdlib/pprint.pyi
would reformat /Users/dingjunqing/Desktop/Lirix/.venv_ci312/lib/python3.12/site-packages/mypy/typeshed/stdlib/pyclbr.pyi
would reformat /Users/dingjunqing/Desktop/Lirix/.venv_ci312/lib/python3.12/site-packages/mypy/typeshed/stdlib/quopri.pyi
would reformat /Users/dingjunqing/Desktop/Lirix/.venv_ci312/lib/python3.12/site-packages/mypy/typeshed/stdlib/pathlib/__init__.pyi
would reformat /Users/dingjunqing/Desktop/Lirix/.venv_ci312/lib/python3.12/site-packages/mypy/typeshed/stdlib/multiprocessing/managers.pyi
would reformat /Users/dingjunqing/Desktop/Lirix/.venv_ci312/lib/python3.12/site-packages/mypy/typeshed/stdlib/optparse.pyi
would reformat /Users/dingjunqing/Desktop/Lirix/.venv_ci312/lib/python3.12/site-packages/mypy/typeshed/stdlib/runpy.pyi
would reformat /Users/dingjunqing/Desktop/Lirix/.venv_ci312/lib/python3.12/site-packages/mypy/typeshed/stdlib/pyexpat/__init__.pyi
would reformat /Users/dingjunqing/Desktop/Lirix/.venv_ci312/lib/python3.12/site-packages/mypy/typeshed/stdlib/secrets.pyi
would reformat /Users/dingjunqing/Desktop/Lirix/.venv_ci312/lib/python3.12/site-packages/mypy/typeshed/stdlib/py_compile.pyi
would reformat /Users/dingjunqing/Desktop/Lirix/.venv_ci312/lib/python3.12/site-packages/mypy/typeshed/stdlib/sched.pyi
would reformat /Users/dingjunqing/Desktop/Lirix/.venv_ci312/lib/python3.12/site-packages/mypy/typeshed/stdlib/resource.pyi
would reformat /Users/dingjunqing/Desktop/Lirix/.venv_ci312/lib/python3.12/site-packages/mypy/typeshed/stdlib/selectors.pyi
would reformat /Users/dingjunqing/Desktop/Lirix/.venv_ci312/lib/python3.12/site-packages/mypy/typeshed/stdlib/shlex.pyi
would reformat /Users/dingjunqing/Desktop/Lirix/.venv_ci312/lib/python3.12/site-packages/mypy/typeshed/stdlib/mailbox.pyi
would reformat /Users/dingjunqing/Desktop/Lirix/.venv_ci312/lib/python3.12/site-packages/mypy/typeshed/stdlib/pdb.pyi
would reformat /Users/dingjunqing/Desktop/Lirix/.venv_ci312/lib/python3.12/site-packages/mypy/typeshed/stdlib/shelve.pyi
would reformat /Users/dingjunqing/Desktop/Lirix/.venv_ci312/lib/python3.12/site-packages/mypy/typeshed/stdlib/site.pyi
would reformat /Users/dingjunqing/Desktop/Lirix/.venv_ci312/lib/python3.12/site-packages/mypy/typeshed/stdlib/select.pyi
would reformat /Users/dingjunqing/Desktop/Lirix/.venv_ci312/lib/python3.12/site-packages/mypy/typeshed/stdlib/shutil.pyi
would reformat /Users/dingjunqing/Desktop/Lirix/.venv_ci312/lib/python3.12/site-packages/mypy/typeshed/stdlib/pydoc.pyi
would reformat /Users/dingjunqing/Desktop/Lirix/.venv_ci312/lib/python3.12/site-packages/mypy/typeshed/stdlib/random.pyi
would reformat /Users/dingjunqing/Desktop/Lirix/.venv_ci312/lib/python3.12/site-packages/mypy/typeshed/stdlib/socketserver.pyi
would reformat /Users/dingjunqing/Desktop/Lirix/.venv_ci312/lib/python3.12/site-packages/mypy/typeshed/stdlib/smtplib.pyi
would reformat /Users/dingjunqing/Desktop/Lirix/.venv_ci312/lib/python3.12/site-packages/mypy/typeshed/stdlib/string/templatelib.pyi
would reformat /Users/dingjunqing/Desktop/Lirix/.venv_ci312/lib/python3.12/site-packages/mypy/typeshed/stdlib/string/__init__.pyi
would reformat /Users/dingjunqing/Desktop/Lirix/.venv_ci312/lib/python3.12/site-packages/mypy/typeshed/stdlib/struct.pyi
would reformat /Users/dingjunqing/Desktop/Lirix/.venv_ci312/lib/python3.12/site-packages/mypy/typeshed/stdlib/re.pyi
would reformat /Users/dingjunqing/Desktop/Lirix/.venv_ci312/lib/python3.12/site-packages/mypy/typeshed/stdlib/sre_parse.pyi
would reformat /Users/dingjunqing/Desktop/Lirix/.venv_ci312/lib/python3.12/site-packages/mypy/typeshed/stdlib/statistics.pyi
would reformat /Users/dingjunqing/Desktop/Lirix/.venv_ci312/lib/python3.12/site-packages/mypy/typeshed/stdlib/symtable.pyi
would reformat /Users/dingjunqing/Desktop/Lirix/.venv_ci312/lib/python3.12/site-packages/mypy/typeshed/stdlib/sys/_monitoring.pyi
would reformat /Users/dingjunqing/Desktop/Lirix/.venv_ci312/lib/python3.12/site-packages/mypy/typeshed/stdlib/tabnanny.pyi
would reformat /Users/dingjunqing/Desktop/Lirix/.venv_ci312/lib/python3.12/site-packages/mypy/typeshed/stdlib/signal.pyi
would reformat /Users/dingjunqing/Desktop/Lirix/.venv_ci312/lib/python3.12/site-packages/mypy/typeshed/stdlib/sqlite3/__init__.pyi
would reformat /Users/dingjunqing/Desktop/Lirix/.venv_ci312/lib/python3.12/site-packages/mypy/typeshed/stdlib/sysconfig.pyi
would reformat /Users/dingjunqing/Desktop/Lirix/.venv_ci312/lib/python3.12/site-packages/mypy/typeshed/stdlib/textwrap.pyi
would reformat /Users/dingjunqing/Desktop/Lirix/.venv_ci312/lib/python3.12/site-packages/mypy/typeshed/stdlib/telnetlib.pyi
would reformat /Users/dingjunqing/Desktop/Lirix/.venv_ci312/lib/python3.12/site-packages/mypy/typeshed/stdlib/timeit.pyi
would reformat /Users/dingjunqing/Desktop/Lirix/.venv_ci312/lib/python3.12/site-packages/mypy/typeshed/stdlib/time.pyi
would reformat /Users/dingjunqing/Desktop/Lirix/.venv_ci312/lib/python3.12/site-packages/mypy/typeshed/stdlib/tkinter/colorchooser.pyi
would reformat /Users/dingjunqing/Desktop/Lirix/.venv_ci312/lib/python3.12/site-packages/mypy/typeshed/stdlib/threading.pyi
would reformat /Users/dingjunqing/Desktop/Lirix/.venv_ci312/lib/python3.12/site-packages/mypy/typeshed/stdlib/sys/__init__.pyi
would reformat /Users/dingjunqing/Desktop/Lirix/.venv_ci312/lib/python3.12/site-packages/mypy/typeshed/stdlib/ssl.pyi
would reformat /Users/dingjunqing/Desktop/Lirix/.venv_ci312/lib/python3.12/site-packages/mypy/typeshed/stdlib/tempfile.pyi
would reformat /Users/dingjunqing/Desktop/Lirix/.venv_ci312/lib/python3.12/site-packages/mypy/typeshed/stdlib/tkinter/messagebox.pyi
would reformat /Users/dingjunqing/Desktop/Lirix/.venv_ci312/lib/python3.12/site-packages/mypy/typeshed/stdlib/tkinter/font.pyi
would reformat /Users/dingjunqing/Desktop/Lirix/.venv_ci312/lib/python3.12/site-packages/mypy/typeshed/stdlib/tkinter/filedialog.pyi
would reformat /Users/dingjunqing/Desktop/Lirix/.venv_ci312/lib/python3.12/site-packages/mypy/typeshed/stdlib/socket.pyi
would reformat /Users/dingjunqing/Desktop/Lirix/.venv_ci312/lib/python3.12/site-packages/mypy/typeshed/stdlib/tomllib.pyi
would reformat /Users/dingjunqing/Desktop/Lirix/.venv_ci312/lib/python3.12/site-packages/mypy/typeshed/stdlib/token.pyi
would reformat /Users/dingjunqing/Desktop/Lirix/.venv_ci312/lib/python3.12/site-packages/mypy/typeshed/stdlib/os/__init__.pyi
would reformat /Users/dingjunqing/Desktop/Lirix/.venv_ci312/lib/python3.12/site-packages/mypy/typeshed/stdlib/trace.pyi
would reformat /Users/dingjunqing/Desktop/Lirix/.venv_ci312/lib/python3.12/site-packages/mypy/typeshed/stdlib/tokenize.pyi
would reformat /Users/dingjunqing/Desktop/Lirix/.venv_ci312/lib/python3.12/site-packages/mypy/typeshed/stdlib/tracemalloc.pyi
would reformat /Users/dingjunqing/Desktop/Lirix/.venv_ci312/lib/python3.12/site-packages/mypy/typeshed/stdlib/tarfile.pyi
would reformat /Users/dingjunqing/Desktop/Lirix/.venv_ci312/lib/python3.12/site-packages/mypy/typeshed/stdlib/traceback.pyi
would reformat /Users/dingjunqing/Desktop/Lirix/.venv_ci312/lib/python3.12/site-packages/mypy/typeshed/stdlib/unittest/__init__.pyi
would reformat /Users/dingjunqing/Desktop/Lirix/.venv_ci312/lib/python3.12/site-packages/mypy/typeshed/stdlib/unittest/_log.pyi
would reformat /Users/dingjunqing/Desktop/Lirix/.venv_ci312/lib/python3.12/site-packages/mypy/typeshed/stdlib/unittest/async_case.pyi
would reformat /Users/dingjunqing/Desktop/Lirix/.venv_ci312/lib/python3.12/site-packages/mypy/typeshed/stdlib/tkinter/tix.pyi
would reformat /Users/dingjunqing/Desktop/Lirix/.venv_ci312/lib/python3.12/site-packages/mypy/typeshed/stdlib/unittest/main.pyi
would reformat /Users/dingjunqing/Desktop/Lirix/.venv_ci312/lib/python3.12/site-packages/mypy/typeshed/stdlib/unittest/loader.pyi
would reformat /Users/dingjunqing/Desktop/Lirix/.venv_ci312/lib/python3.12/site-packages/mypy/typeshed/stdlib/unittest/result.pyi
would reformat /Users/dingjunqing/Desktop/Lirix/.venv_ci312/lib/python3.12/site-packages/mypy/typeshed/stdlib/unittest/runner.pyi
would reformat /Users/dingjunqing/Desktop/Lirix/.venv_ci312/lib/python3.12/site-packages/mypy/typeshed/stdlib/unittest/suite.pyi
would reformat /Users/dingjunqing/Desktop/Lirix/.venv_ci312/lib/python3.12/site-packages/mypy/typeshed/stdlib/unittest/util.pyi
would reformat /Users/dingjunqing/Desktop/Lirix/.venv_ci312/lib/python3.12/site-packages/mypy/typeshed/stdlib/urllib/error.pyi
would reformat /Users/dingjunqing/Desktop/Lirix/.venv_ci312/lib/python3.12/site-packages/mypy/typeshed/stdlib/types.pyi
would reformat /Users/dingjunqing/Desktop/Lirix/.venv_ci312/lib/python3.12/site-packages/mypy/typeshed/stdlib/typing_extensions.pyi
would reformat /Users/dingjunqing/Desktop/Lirix/.venv_ci312/lib/python3.12/site-packages/mypy/typeshed/stdlib/urllib/response.pyi
would reformat /Users/dingjunqing/Desktop/Lirix/.venv_ci312/lib/python3.12/site-packages/mypy/typeshed/stdlib/uu.pyi
would reformat /Users/dingjunqing/Desktop/Lirix/.venv_ci312/lib/python3.12/site-packages/mypy/typeshed/stdlib/turtle.pyi
would reformat /Users/dingjunqing/Desktop/Lirix/.venv_ci312/lib/python3.12/site-packages/mypy/typeshed/stdlib/urllib/parse.pyi
would reformat /Users/dingjunqing/Desktop/Lirix/.venv_ci312/lib/python3.12/site-packages/mypy/typeshed/stdlib/unittest/mock.pyi
would reformat /Users/dingjunqing/Desktop/Lirix/.venv_ci312/lib/python3.12/site-packages/mypy/typeshed/stdlib/unittest/case.pyi
would reformat /Users/dingjunqing/Desktop/Lirix/.venv_ci312/lib/python3.12/site-packages/mypy/typeshed/stdlib/webbrowser.pyi
would reformat /Users/dingjunqing/Desktop/Lirix/.venv_ci312/lib/python3.12/site-packages/mypy/typeshed/stdlib/wsgiref/simple_server.pyi
would reformat /Users/dingjunqing/Desktop/Lirix/.venv_ci312/lib/python3.12/site-packages/mypy/typeshed/stdlib/wsgiref/types.pyi
would reformat /Users/dingjunqing/Desktop/Lirix/.venv_ci312/lib/python3.12/site-packages/mypy/typeshed/stdlib/warnings.pyi
would reformat /Users/dingjunqing/Desktop/Lirix/.venv_ci312/lib/python3.12/site-packages/mypy/typeshed/stdlib/wsgiref/handlers.pyi
would reformat /Users/dingjunqing/Desktop/Lirix/.venv_ci312/lib/python3.12/site-packages/mypy/typeshed/stdlib/wsgiref/util.pyi
would reformat /Users/dingjunqing/Desktop/Lirix/.venv_ci312/lib/python3.12/site-packages/mypy/typeshed/stdlib/winreg.pyi
would reformat /Users/dingjunqing/Desktop/Lirix/.venv_ci312/lib/python3.12/site-packages/mypy/typeshed/stdlib/wsgiref/validate.pyi
would reformat /Users/dingjunqing/Desktop/Lirix/.venv_ci312/lib/python3.12/site-packages/mypy/typeshed/stdlib/xml/__init__.pyi
would reformat /Users/dingjunqing/Desktop/Lirix/.venv_ci312/lib/python3.12/site-packages/mypy/typeshed/stdlib/xml/dom/domreg.pyi
would reformat /Users/dingjunqing/Desktop/Lirix/.venv_ci312/lib/python3.12/site-packages/mypy/typeshed/stdlib/xdrlib.pyi
would reformat /Users/dingjunqing/Desktop/Lirix/.venv_ci312/lib/python3.12/site-packages/mypy/typeshed/stdlib/xml/dom/__init__.pyi
would reformat /Users/dingjunqing/Desktop/Lirix/.venv_ci312/lib/python3.12/site-packages/mypy/typeshed/stdlib/weakref.pyi
would reformat /Users/dingjunqing/Desktop/Lirix/.venv_ci312/lib/python3.12/site-packages/mypy/typeshed/stdlib/xml/etree/ElementInclude.pyi
would reformat /Users/dingjunqing/Desktop/Lirix/.venv_ci312/lib/python3.12/site-packages/mypy/typeshed/stdlib/urllib/request.pyi
would reformat /Users/dingjunqing/Desktop/Lirix/.venv_ci312/lib/python3.12/site-packages/mypy/typeshed/stdlib/subprocess.pyi
would reformat /Users/dingjunqing/Desktop/Lirix/.venv_ci312/lib/python3.12/site-packages/mypy/typeshed/stdlib/xml/dom/pulldom.pyi
would reformat /Users/dingjunqing/Desktop/Lirix/.venv_ci312/lib/python3.12/site-packages/mypy/typeshed/stdlib/xml/etree/ElementPath.pyi
would reformat /Users/dingjunqing/Desktop/Lirix/.venv_ci312/lib/python3.12/site-packages/mypy/typeshed/stdlib/xml/sax/__init__.pyi
would reformat /Users/dingjunqing/Desktop/Lirix/.venv_ci312/lib/python3.12/site-packages/mypy/typeshed/stdlib/xml/dom/expatbuilder.pyi
would reformat /Users/dingjunqing/Desktop/Lirix/.venv_ci312/lib/python3.12/site-packages/mypy/typeshed/stdlib/xml/sax/saxutils.pyi
would reformat /Users/dingjunqing/Desktop/Lirix/.venv_ci312/lib/python3.12/site-packages/mypy/typeshed/stdlib/xml/dom/xmlbuilder.pyi
would reformat /Users/dingjunqing/Desktop/Lirix/.venv_ci312/lib/python3.12/site-packages/mypy/typeshed/stdlib/typing.pyi
would reformat /Users/dingjunqing/Desktop/Lirix/.venv_ci312/lib/python3.12/site-packages/mypy/typeshed/stdlib/xmlrpc/server.pyi
would reformat /Users/dingjunqing/Desktop/Lirix/.venv_ci312/lib/python3.12/site-packages/mypy/typeshed/stdlib/xml/sax/expatreader.pyi
would reformat /Users/dingjunqing/Desktop/Lirix/.venv_ci312/lib/python3.12/site-packages/mypy/typeshed/stdlib/xml/sax/xmlreader.pyi
would reformat /Users/dingjunqing/Desktop/Lirix/.venv_ci312/lib/python3.12/site-packages/mypy/typeshed/stdlib/zipfile/_path/__init__.pyi
would reformat /Users/dingjunqing/Desktop/Lirix/.venv_ci312/lib/python3.12/site-packages/mypy/typeshed/stdlib/tkinter/ttk.pyi
would reformat /Users/dingjunqing/Desktop/Lirix/.venv_ci312/lib/python3.12/site-packages/mypy/typeshed/stdlib/zoneinfo/_common.pyi
would reformat /Users/dingjunqing/Desktop/Lirix/.venv_ci312/lib/python3.12/site-packages/mypy/typeshed/stdlib/zoneinfo/__init__.pyi
would reformat /Users/dingjunqing/Desktop/Lirix/.venv_ci312/lib/python3.12/site-packages/mypy/typeshed/stdlib/zlib.pyi
would reformat /Users/dingjunqing/Desktop/Lirix/.venv_ci312/lib/python3.12/site-packages/mypy/typeshed/stdlib/zipimport.pyi
would reformat /Users/dingjunqing/Desktop/Lirix/.venv_ci312/lib/python3.12/site-packages/mypy/typeshed/stdlib/xml/sax/handler.pyi
would reformat /Users/dingjunqing/Desktop/Lirix/.venv_ci312/lib/python3.12/site-packages/mypy/typeshed/stdlib/xml/etree/ElementTree.pyi
would reformat /Users/dingjunqing/Desktop/Lirix/.venv_ci312/lib/python3.12/site-packages/mypy_extensions.py
would reformat /Users/dingjunqing/Desktop/Lirix/.venv_ci312/lib/python3.12/site-packages/mypy/typeshed/stdlib/zipfile/__init__.pyi
would reformat /Users/dingjunqing/Desktop/Lirix/.venv_ci312/lib/python3.12/site-packages/mypy/typeshed/stdlib/xmlrpc/client.pyi
would reformat /Users/dingjunqing/Desktop/Lirix/.venv_ci312/lib/python3.12/site-packages/mypy/typeshed/stdlib/xml/dom/minidom.pyi
would reformat /Users/dingjunqing/Desktop/Lirix/.venv_ci312/lib/python3.12/site-packages/mypy/typeshed/stubs/mypy-extensions/mypy_extensions.pyi
would reformat /Users/dingjunqing/Desktop/Lirix/.venv_ci312/lib/python3.12/site-packages/mypyc/build.py
would reformat /Users/dingjunqing/Desktop/Lirix/.venv_ci312/lib/python3.12/site-packages/mypyc/codegen/emitwrapper.py
would reformat /Users/dingjunqing/Desktop/Lirix/.venv_ci312/lib/python3.12/site-packages/mypyc/ir/pprint.py
would reformat /Users/dingjunqing/Desktop/Lirix/.venv_ci312/lib/python3.12/site-packages/mypyc/irbuild/env_class.py
would reformat /Users/dingjunqing/Desktop/Lirix/.venv_ci312/lib/python3.12/site-packages/mypyc/codegen/emitmodule.py
would reformat /Users/dingjunqing/Desktop/Lirix/.venv_ci312/lib/python3.12/site-packages/mypyc/codegen/emit.py
would reformat /Users/dingjunqing/Desktop/Lirix/.venv_ci312/lib/python3.12/site-packages/mypyc/ir/rtypes.py
would reformat /Users/dingjunqing/Desktop/Lirix/.venv_ci312/lib/python3.12/site-packages/mypyc/irbuild/classdef.py
would reformat /Users/dingjunqing/Desktop/Lirix/.venv_ci312/lib/python3.12/site-packages/mypyc/codegen/emitclass.py
would reformat /Users/dingjunqing/Desktop/Lirix/.venv_ci312/lib/python3.12/site-packages/mypyc/ir/ops.py
would reformat /Users/dingjunqing/Desktop/Lirix/.venv_ci312/lib/python3.12/site-packages/mypyc/lower/misc_ops.py
would reformat /Users/dingjunqing/Desktop/Lirix/.venv_ci312/lib/python3.12/site-packages/mypyc/irbuild/vec.py
would reformat /Users/dingjunqing/Desktop/Lirix/.venv_ci312/lib/python3.12/site-packages/mypyc/irbuild/prepare.py
would reformat /Users/dingjunqing/Desktop/Lirix/.venv_ci312/lib/python3.12/site-packages/mypyc/irbuild/function.py
would reformat /Users/dingjunqing/Desktop/Lirix/.venv_ci312/lib/python3.12/site-packages/mypyc/irbuild/expression.py
would reformat /Users/dingjunqing/Desktop/Lirix/.venv_ci312/lib/python3.12/site-packages/mypyc/subtype.py
would reformat /Users/dingjunqing/Desktop/Lirix/.venv_ci312/lib/python3.12/site-packages/mypyc/test/test_tuplename.py
would reformat /Users/dingjunqing/Desktop/Lirix/.venv_ci312/lib/python3.12/site-packages/mypyc/test/test_emit.py
would reformat /Users/dingjunqing/Desktop/Lirix/.venv_ci312/lib/python3.12/site-packages/mypyc/irbuild/statement.py
would reformat /Users/dingjunqing/Desktop/Lirix/.venv_ci312/lib/python3.12/site-packages/nh3/__init__.py
would reformat /Users/dingjunqing/Desktop/Lirix/.venv_ci312/lib/python3.12/site-packages/packaging/_manylinux.py
would reformat /Users/dingjunqing/Desktop/Lirix/.venv_ci312/lib/python3.12/site-packages/packaging/_tokenizer.py
would reformat /Users/dingjunqing/Desktop/Lirix/.venv_ci312/lib/python3.12/site-packages/packaging/dependency_groups.py
would reformat /Users/dingjunqing/Desktop/Lirix/.venv_ci312/lib/python3.12/site-packages/packaging/licenses/__init__.py
would reformat /Users/dingjunqing/Desktop/Lirix/.venv_ci312/lib/python3.12/site-packages/packaging/direct_url.py
would reformat /Users/dingjunqing/Desktop/Lirix/.venv_ci312/lib/python3.12/site-packages/packaging/_parser.py
would reformat /Users/dingjunqing/Desktop/Lirix/.venv_ci312/lib/python3.12/site-packages/mypyc/irbuild/specialize.py
would reformat /Users/dingjunqing/Desktop/Lirix/.venv_ci312/lib/python3.12/site-packages/packaging/markers.py
would reformat /Users/dingjunqing/Desktop/Lirix/.venv_ci312/lib/python3.12/site-packages/parsimonious/__init__.py
would reformat /Users/dingjunqing/Desktop/Lirix/.venv_ci312/lib/python3.12/site-packages/parsimonious/adhoc_expression.py
would reformat /Users/dingjunqing/Desktop/Lirix/.venv_ci312/lib/python3.12/site-packages/parsimonious/exceptions.py
would reformat /Users/dingjunqing/Desktop/Lirix/.venv_ci312/lib/python3.12/site-packages/packaging/utils.py
would reformat /Users/dingjunqing/Desktop/Lirix/.venv_ci312/lib/python3.12/site-packages/parsimonious/grammar.py
would reformat /Users/dingjunqing/Desktop/Lirix/.venv_ci312/lib/python3.12/site-packages/packaging/metadata.py
would reformat /Users/dingjunqing/Desktop/Lirix/.venv_ci312/lib/python3.12/site-packages/packaging/tags.py
would reformat /Users/dingjunqing/Desktop/Lirix/.venv_ci312/lib/python3.12/site-packages/packaging/pylock.py
would reformat /Users/dingjunqing/Desktop/Lirix/.venv_ci312/lib/python3.12/site-packages/parsimonious/expressions.py
would reformat /Users/dingjunqing/Desktop/Lirix/.venv_ci312/lib/python3.12/site-packages/parsimonious/tests/test_benchmarks.py
would reformat /Users/dingjunqing/Desktop/Lirix/.venv_ci312/lib/python3.12/site-packages/parsimonious/tests/benchmarks.py
would reformat /Users/dingjunqing/Desktop/Lirix/.venv_ci312/lib/python3.12/site-packages/parsimonious/utils.py
would reformat /Users/dingjunqing/Desktop/Lirix/.venv_ci312/lib/python3.12/site-packages/pathspec/__init__.py
would reformat /Users/dingjunqing/Desktop/Lirix/.venv_ci312/lib/python3.12/site-packages/parsimonious/nodes.py
would reformat /Users/dingjunqing/Desktop/Lirix/.venv_ci312/lib/python3.12/site-packages/pathspec/_backends/_utils.py
would reformat /Users/dingjunqing/Desktop/Lirix/.venv_ci312/lib/python3.12/site-packages/pathspec/_backends/agg.py
would reformat /Users/dingjunqing/Desktop/Lirix/.venv_ci312/lib/python3.12/site-packages/pathspec/_backends/hyperscan/_base.py
would reformat /Users/dingjunqing/Desktop/Lirix/.venv_ci312/lib/python3.12/site-packages/pathspec/_backends/hyperscan/base.py
would reformat /Users/dingjunqing/Desktop/Lirix/.venv_ci312/lib/python3.12/site-packages/packaging/version.py
would reformat /Users/dingjunqing/Desktop/Lirix/.venv_ci312/lib/python3.12/site-packages/parsimonious/tests/test_nodes.py
would reformat /Users/dingjunqing/Desktop/Lirix/.venv_ci312/lib/python3.12/site-packages/pathspec/_backends/re2/base.py
would reformat /Users/dingjunqing/Desktop/Lirix/.venv_ci312/lib/python3.12/site-packages/pathspec/_backends/re2/_base.py
would reformat /Users/dingjunqing/Desktop/Lirix/.venv_ci312/lib/python3.12/site-packages/mypy/typeshed/stdlib/tkinter/__init__.pyi
would reformat /Users/dingjunqing/Desktop/Lirix/.venv_ci312/lib/python3.12/site-packages/pathspec/_backends/hyperscan/pathspec.py
would reformat /Users/dingjunqing/Desktop/Lirix/.venv_ci312/lib/python3.12/site-packages/pathspec/_backends/simple/pathspec.py
would reformat /Users/dingjunqing/Desktop/Lirix/.venv_ci312/lib/python3.12/site-packages/pathspec/_backends/re2/pathspec.py
would reformat /Users/dingjunqing/Desktop/Lirix/.venv_ci312/lib/python3.12/site-packages/pathspec/_meta.py
would reformat /Users/dingjunqing/Desktop/Lirix/.venv_ci312/lib/python3.12/site-packages/parsimonious/tests/test_expressions.py
would reformat /Users/dingjunqing/Desktop/Lirix/.venv_ci312/lib/python3.12/site-packages/pathspec/backend.py
would reformat /Users/dingjunqing/Desktop/Lirix/.venv_ci312/lib/python3.12/site-packages/pathspec/_typing.py
would reformat /Users/dingjunqing/Desktop/Lirix/.venv_ci312/lib/python3.12/site-packages/pathspec/_backends/hyperscan/gitignore.py
would reformat /Users/dingjunqing/Desktop/Lirix/.venv_ci312/lib/python3.12/site-packages/pathspec/patterns/gitignore/__init__.py
would reformat /Users/dingjunqing/Desktop/Lirix/.venv_ci312/lib/python3.12/site-packages/pathspec/patterns/gitignore/base.py
would reformat /Users/dingjunqing/Desktop/Lirix/.venv_ci312/lib/python3.12/site-packages/pathspec/pattern.py
would reformat /Users/dingjunqing/Desktop/Lirix/.venv_ci312/lib/python3.12/site-packages/pathspec/_backends/re2/gitignore.py
would reformat /Users/dingjunqing/Desktop/Lirix/.venv_ci312/lib/python3.12/site-packages/pathspec/patterns/gitwildmatch.py
would reformat /Users/dingjunqing/Desktop/Lirix/.venv_ci312/lib/python3.12/site-packages/packaging/specifiers.py
would reformat /Users/dingjunqing/Desktop/Lirix/.venv_ci312/lib/python3.12/site-packages/pathspec/pathspec.py
would reformat /Users/dingjunqing/Desktop/Lirix/.venv_ci312/lib/python3.12/site-packages/pathspec/gitignore.py
would reformat /Users/dingjunqing/Desktop/Lirix/.venv_ci312/lib/python3.12/site-packages/pathspec/patterns/gitignore/basic.py
would reformat /Users/dingjunqing/Desktop/Lirix/.venv_ci312/lib/python3.12/site-packages/pip/_internal/cli/autocompletion.py
would reformat /Users/dingjunqing/Desktop/Lirix/.venv_ci312/lib/python3.12/site-packages/pathspec/patterns/gitignore/spec.py
would reformat /Users/dingjunqing/Desktop/Lirix/.venv_ci312/lib/python3.12/site-packages/parsimonious/tests/test_grammar.py
would reformat /Users/dingjunqing/Desktop/Lirix/.venv_ci312/lib/python3.12/site-packages/pathspec/_backends/simple/gitignore.py
would reformat /Users/dingjunqing/Desktop/Lirix/.venv_ci312/lib/python3.12/site-packages/pip/_internal/cli/main.py
would reformat /Users/dingjunqing/Desktop/Lirix/.venv_ci312/lib/python3.12/site-packages/pip/_internal/cli/base_command.py
would reformat /Users/dingjunqing/Desktop/Lirix/.venv_ci312/lib/python3.12/site-packages/pip/_internal/cli/index_command.py
would reformat /Users/dingjunqing/Desktop/Lirix/.venv_ci312/lib/python3.12/site-packages/pip/_internal/cli/main_parser.py
would reformat /Users/dingjunqing/Desktop/Lirix/.venv_ci312/lib/python3.12/site-packages/pip/_internal/cli/progress_bars.py
would reformat /Users/dingjunqing/Desktop/Lirix/.venv_ci312/lib/python3.12/site-packages/pathspec/util.py
would reformat /Users/dingjunqing/Desktop/Lirix/.venv_ci312/lib/python3.12/site-packages/pip/_internal/commands/completion.py
would reformat /Users/dingjunqing/Desktop/Lirix/.venv_ci312/lib/python3.12/site-packages/pip/_internal/cli/spinners.py
would reformat /Users/dingjunqing/Desktop/Lirix/.venv_ci312/lib/python3.12/site-packages/packaging/licenses/_spdx.py
would reformat /Users/dingjunqing/Desktop/Lirix/.venv_ci312/lib/python3.12/site-packages/pip/_internal/cli/parser.py
would reformat /Users/dingjunqing/Desktop/Lirix/.venv_ci312/lib/python3.12/site-packages/pip/_internal/commands/cache.py
would reformat /Users/dingjunqing/Desktop/Lirix/.venv_ci312/lib/python3.12/site-packages/pip/_internal/commands/freeze.py
would reformat /Users/dingjunqing/Desktop/Lirix/.venv_ci312/lib/python3.12/site-packages/pip/_internal/commands/hash.py
would reformat /Users/dingjunqing/Desktop/Lirix/.venv_ci312/lib/python3.12/site-packages/pip/_internal/commands/index.py
would reformat /Users/dingjunqing/Desktop/Lirix/.venv_ci312/lib/python3.12/site-packages/pip/_internal/cli/req_command.py
would reformat /Users/dingjunqing/Desktop/Lirix/.venv_ci312/lib/python3.12/site-packages/pip/_internal/commands/debug.py
would reformat /Users/dingjunqing/Desktop/Lirix/.venv_ci312/lib/python3.12/site-packages/pip/_internal/commands/configuration.py
would reformat /Users/dingjunqing/Desktop/Lirix/.venv_ci312/lib/python3.12/site-packages/pip/_internal/commands/search.py
would reformat /Users/dingjunqing/Desktop/Lirix/.venv_ci312/lib/python3.12/site-packages/pip/_internal/commands/uninstall.py
would reformat /Users/dingjunqing/Desktop/Lirix/.venv_ci312/lib/python3.12/site-packages/pip/_internal/commands/wheel.py
would reformat /Users/dingjunqing/Desktop/Lirix/.venv_ci312/lib/python3.12/site-packages/pip/_internal/build_env.py
would reformat /Users/dingjunqing/Desktop/Lirix/.venv_ci312/lib/python3.12/site-packages/pip/_internal/distributions/sdist.py
would reformat /Users/dingjunqing/Desktop/Lirix/.venv_ci312/lib/python3.12/site-packages/pip/_internal/commands/show.py
would reformat /Users/dingjunqing/Desktop/Lirix/.venv_ci312/lib/python3.12/site-packages/pip/_internal/locations/base.py
would reformat /Users/dingjunqing/Desktop/Lirix/.venv_ci312/lib/python3.12/site-packages/pip/_internal/configuration.py
would reformat /Users/dingjunqing/Desktop/Lirix/.venv_ci312/lib/python3.12/site-packages/pip/_internal/commands/list.py
would reformat /Users/dingjunqing/Desktop/Lirix/.venv_ci312/lib/python3.12/site-packages/pip/_internal/metadata/__init__.py
would reformat /Users/dingjunqing/Desktop/Lirix/.venv_ci312/lib/python3.12/site-packages/pip/_internal/cli/cmdoptions.py
would reformat /Users/dingjunqing/Desktop/Lirix/.venv_ci312/lib/python3.12/site-packages/pip/_internal/index/collector.py
would reformat /Users/dingjunqing/Desktop/Lirix/.venv_ci312/lib/python3.12/site-packages/pip/_internal/models/index.py
would reformat /Users/dingjunqing/Desktop/Lirix/.venv_ci312/lib/python3.12/site-packages/pip/_internal/locations/__init__.py
would reformat /Users/dingjunqing/Desktop/Lirix/.venv_ci312/lib/python3.12/site-packages/mypyc/irbuild/ll_builder.py
would reformat /Users/dingjunqing/Desktop/Lirix/.venv_ci312/lib/python3.12/site-packages/pip/_internal/models/format_control.py
would reformat /Users/dingjunqing/Desktop/Lirix/.venv_ci312/lib/python3.12/site-packages/pip/_internal/metadata/importlib/_dists.py
would reformat /Users/dingjunqing/Desktop/Lirix/.venv_ci312/lib/python3.12/site-packages/pip/_internal/models/release_control.py
would reformat /Users/dingjunqing/Desktop/Lirix/.venv_ci312/lib/python3.12/site-packages/pip/_internal/models/search_scope.py
would reformat /Users/dingjunqing/Desktop/Lirix/.venv_ci312/lib/python3.12/site-packages/pip/_internal/models/wheel.py
would reformat /Users/dingjunqing/Desktop/Lirix/.venv_ci312/lib/python3.12/site-packages/pip/_internal/network/cache.py
would reformat /Users/dingjunqing/Desktop/Lirix/.venv_ci312/lib/python3.12/site-packages/pip/_internal/models/installation_report.py
would reformat /Users/dingjunqing/Desktop/Lirix/.venv_ci312/lib/python3.12/site-packages/pip/_internal/models/target_python.py
would reformat /Users/dingjunqing/Desktop/Lirix/.venv_ci312/lib/python3.12/site-packages/pip/_internal/metadata/pkg_resources.py
would reformat /Users/dingjunqing/Desktop/Lirix/.venv_ci312/lib/python3.12/site-packages/pip/_internal/metadata/base.py
would reformat /Users/dingjunqing/Desktop/Lirix/.venv_ci312/lib/python3.12/site-packages/pip/_internal/network/utils.py
would reformat /Users/dingjunqing/Desktop/Lirix/.venv_ci312/lib/python3.12/site-packages/pip/_internal/commands/install.py
would reformat /Users/dingjunqing/Desktop/Lirix/.venv_ci312/lib/python3.12/site-packages/pip/_internal/network/lazy_wheel.py
would reformat /Users/dingjunqing/Desktop/Lirix/.venv_ci312/lib/python3.12/site-packages/pip/_internal/operations/check.py
would reformat /Users/dingjunqing/Desktop/Lirix/.venv_ci312/lib/python3.12/site-packages/pip/_internal/network/download.py
would reformat /Users/dingjunqing/Desktop/Lirix/.venv_ci312/lib/python3.12/site-packages/pip/_internal/network/xmlrpc.py
would reformat /Users/dingjunqing/Desktop/Lirix/.venv_ci312/lib/python3.12/site-packages/pip/_internal/operations/freeze.py
would reformat /Users/dingjunqing/Desktop/Lirix/.venv_ci312/lib/python3.12/site-packages/pip/_internal/index/package_finder.py
would reformat /Users/dingjunqing/Desktop/Lirix/.venv_ci312/lib/python3.12/site-packages/pip/_internal/req/__init__.py
would reformat /Users/dingjunqing/Desktop/Lirix/.venv_ci312/lib/python3.12/site-packages/pip/_internal/req/pep723.py
would reformat /Users/dingjunqing/Desktop/Lirix/.venv_ci312/lib/python3.12/site-packages/pip/_internal/models/link.py
would reformat /Users/dingjunqing/Desktop/Lirix/.venv_ci312/lib/python3.12/site-packages/pip/_internal/network/auth.py
would reformat /Users/dingjunqing/Desktop/Lirix/.venv_ci312/lib/python3.12/site-packages/pip/_internal/req/req_set.py
would reformat /Users/dingjunqing/Desktop/Lirix/.venv_ci312/lib/python3.12/site-packages/pip/_internal/resolution/base.py
would reformat /Users/dingjunqing/Desktop/Lirix/.venv_ci312/lib/python3.12/site-packages/pip/_internal/exceptions.py
would reformat /Users/dingjunqing/Desktop/Lirix/.venv_ci312/lib/python3.12/site-packages/pip/_internal/network/session.py
would reformat /Users/dingjunqing/Desktop/Lirix/.venv_ci312/lib/python3.12/site-packages/pip/_internal/pyproject.py
would reformat /Users/dingjunqing/Desktop/Lirix/.venv_ci312/lib/python3.12/site-packages/pip/_internal/operations/install/wheel.py
would reformat /Users/dingjunqing/Desktop/Lirix/.venv_ci312/lib/python3.12/site-packages/pip/_internal/operations/prepare.py
would reformat /Users/dingjunqing/Desktop/Lirix/.venv_ci312/lib/python3.12/site-packages/pip/_internal/resolution/resolvelib/reporter.py
would reformat /Users/dingjunqing/Desktop/Lirix/.venv_ci312/lib/python3.12/site-packages/pip/_internal/resolution/resolvelib/provider.py
would reformat /Users/dingjunqing/Desktop/Lirix/.venv_ci312/lib/python3.12/site-packages/pip/_internal/resolution/legacy/resolver.py
would reformat /Users/dingjunqing/Desktop/Lirix/.venv_ci312/lib/python3.12/site-packages/pip/_internal/resolution/resolvelib/candidates.py
would reformat /Users/dingjunqing/Desktop/Lirix/.venv_ci312/lib/python3.12/site-packages/pip/_internal/req/req_file.py
would reformat /Users/dingjunqing/Desktop/Lirix/.venv_ci312/lib/python3.12/site-packages/pip/_internal/req/constructors.py
would reformat /Users/dingjunqing/Desktop/Lirix/.venv_ci312/lib/python3.12/site-packages/pip/_internal/utils/direct_url_helpers.py
would reformat /Users/dingjunqing/Desktop/Lirix/.venv_ci312/lib/python3.12/site-packages/pip/_internal/self_outdated_check.py
would reformat /Users/dingjunqing/Desktop/Lirix/.venv_ci312/lib/python3.12/site-packages/pip/_internal/utils/entrypoints.py
would reformat /Users/dingjunqing/Desktop/Lirix/.venv_ci312/lib/python3.12/site-packages/pip/_internal/utils/packaging.py
would reformat /Users/dingjunqing/Desktop/Lirix/.venv_ci312/lib/python3.12/site-packages/pip/_internal/req/req_uninstall.py
would reformat /Users/dingjunqing/Desktop/Lirix/.venv_ci312/lib/python3.12/site-packages/pip/_internal/utils/compatibility_tags.py
would reformat /Users/dingjunqing/Desktop/Lirix/.venv_ci312/lib/python3.12/site-packages/pip/_internal/utils/retry.py
would reformat /Users/dingjunqing/Desktop/Lirix/.venv_ci312/lib/python3.12/site-packages/pip/_internal/resolution/resolvelib/resolver.py
would reformat /Users/dingjunqing/Desktop/Lirix/.venv_ci312/lib/python3.12/site-packages/pip/_internal/req/req_install.py
would reformat /Users/dingjunqing/Desktop/Lirix/.venv_ci312/lib/python3.12/site-packages/pip/_internal/utils/urls.py
would reformat /Users/dingjunqing/Desktop/Lirix/.venv_ci312/lib/python3.12/site-packages/pip/_internal/resolution/resolvelib/factory.py
would reformat /Users/dingjunqing/Desktop/Lirix/.venv_ci312/lib/python3.12/site-packages/pip/_internal/vcs/bazaar.py
would reformat /Users/dingjunqing/Desktop/Lirix/.venv_ci312/lib/python3.12/site-packages/pip/_internal/utils/temp_dir.py
would reformat /Users/dingjunqing/Desktop/Lirix/.venv_ci312/lib/python3.12/site-packages/pip/_internal/utils/unpacking.py
would reformat /Users/dingjunqing/Desktop/Lirix/.venv_ci312/lib/python3.12/site-packages/pip/_vendor/cachecontrol/_cmd.py
would reformat /Users/dingjunqing/Desktop/Lirix/.venv_ci312/lib/python3.12/site-packages/pip/_internal/vcs/mercurial.py
would reformat /Users/dingjunqing/Desktop/Lirix/.venv_ci312/lib/python3.12/site-packages/pip/_vendor/__init__.py
would reformat /Users/dingjunqing/Desktop/Lirix/.venv_ci312/lib/python3.12/site-packages/pip/_internal/utils/subprocess.py
would reformat /Users/dingjunqing/Desktop/Lirix/.venv_ci312/lib/python3.12/site-packages/pip/_vendor/cachecontrol/cache.py
would reformat /Users/dingjunqing/Desktop/Lirix/.venv_ci312/lib/python3.12/site-packages/pip/_internal/utils/logging.py
would reformat /Users/dingjunqing/Desktop/Lirix/.venv_ci312/lib/python3.12/site-packages/pip/_internal/wheel_builder.py
would reformat /Users/dingjunqing/Desktop/Lirix/.venv_ci312/lib/python3.12/site-packages/pip/_vendor/cachecontrol/caches/redis_cache.py
would reformat /Users/dingjunqing/Desktop/Lirix/.venv_ci312/lib/python3.12/site-packages/pip/_vendor/certifi/core.py
would reformat /Users/dingjunqing/Desktop/Lirix/.venv_ci312/lib/python3.12/site-packages/pip/_vendor/cachecontrol/filewrapper.py
would reformat /Users/dingjunqing/Desktop/Lirix/.venv_ci312/lib/python3.12/site-packages/pip/_vendor/distlib/__init__.py
would reformat /Users/dingjunqing/Desktop/Lirix/.venv_ci312/lib/python3.12/site-packages/pip/_vendor/cachecontrol/caches/file_cache.py
would reformat /Users/dingjunqing/Desktop/Lirix/.venv_ci312/lib/python3.12/site-packages/pip/_vendor/cachecontrol/serialize.py
would reformat /Users/dingjunqing/Desktop/Lirix/.venv_ci312/lib/python3.12/site-packages/pip/_internal/utils/pylock.py
would reformat /Users/dingjunqing/Desktop/Lirix/.venv_ci312/lib/python3.12/site-packages/pip/_vendor/cachecontrol/adapter.py
would reformat /Users/dingjunqing/Desktop/Lirix/.venv_ci312/lib/python3.12/site-packages/pip/_internal/utils/misc.py
would reformat /Users/dingjunqing/Desktop/Lirix/.venv_ci312/lib/python3.12/site-packages/pip/_internal/vcs/git.py
would reformat /Users/dingjunqing/Desktop/Lirix/.venv_ci312/lib/python3.12/site-packages/pip/_vendor/cachecontrol/controller.py
would reformat /Users/dingjunqing/Desktop/Lirix/.venv_ci312/lib/python3.12/site-packages/pip/_vendor/distlib/scripts.py
would reformat /Users/dingjunqing/Desktop/Lirix/.venv_ci312/lib/python3.12/site-packages/pip/_internal/vcs/versioncontrol.py
would reformat /Users/dingjunqing/Desktop/Lirix/.venv_ci312/lib/python3.12/site-packages/pip/_vendor/distlib/resources.py
would reformat /Users/dingjunqing/Desktop/Lirix/.venv_ci312/lib/python3.12/site-packages/pip/_vendor/packaging/_tokenizer.py
would reformat /Users/dingjunqing/Desktop/Lirix/.venv_ci312/lib/python3.12/site-packages/pip/_vendor/idna/core.py
would reformat /Users/dingjunqing/Desktop/Lirix/.venv_ci312/lib/python3.12/site-packages/pip/_vendor/packaging/_parser.py
would reformat /Users/dingjunqing/Desktop/Lirix/.venv_ci312/lib/python3.12/site-packages/pip/_vendor/packaging/_manylinux.py
would reformat /Users/dingjunqing/Desktop/Lirix/.venv_ci312/lib/python3.12/site-packages/pip/_vendor/packaging/dependency_groups.py
would reformat /Users/dingjunqing/Desktop/Lirix/.venv_ci312/lib/python3.12/site-packages/pip/_vendor/packaging/licenses/__init__.py
would reformat /Users/dingjunqing/Desktop/Lirix/.venv_ci312/lib/python3.12/site-packages/pip/_vendor/distlib/compat.py
would reformat /Users/dingjunqing/Desktop/Lirix/.venv_ci312/lib/python3.12/site-packages/pip/_vendor/packaging/direct_url.py
would reformat /Users/dingjunqing/Desktop/Lirix/.venv_ci312/lib/python3.12/site-packages/pip/_vendor/distro/distro.py
would reformat /Users/dingjunqing/Desktop/Lirix/.venv_ci312/lib/python3.12/site-packages/pip/_vendor/packaging/markers.py
would reformat /Users/dingjunqing/Desktop/Lirix/.venv_ci312/lib/python3.12/site-packages/pip/_vendor/packaging/utils.py
would reformat /Users/dingjunqing/Desktop/Lirix/.venv_ci312/lib/python3.12/site-packages/pip/_vendor/platformdirs/android.py
would reformat /Users/dingjunqing/Desktop/Lirix/.venv_ci312/lib/python3.12/site-packages/pip/_vendor/packaging/metadata.py
would reformat /Users/dingjunqing/Desktop/Lirix/.venv_ci312/lib/python3.12/site-packages/pip/_vendor/platformdirs/macos.py
would reformat /Users/dingjunqing/Desktop/Lirix/.venv_ci312/lib/python3.12/site-packages/pip/_vendor/platformdirs/version.py
would reformat /Users/dingjunqing/Desktop/Lirix/.venv_ci312/lib/python3.12/site-packages/pip/_vendor/pygments/__init__.py
would reformat /Users/dingjunqing/Desktop/Lirix/.venv_ci312/lib/python3.12/site-packages/pip/_vendor/packaging/tags.py
would reformat /Users/dingjunqing/Desktop/Lirix/.venv_ci312/lib/python3.12/site-packages/pip/_vendor/pygments/filter.py
would reformat /Users/dingjunqing/Desktop/Lirix/.venv_ci312/lib/python3.12/site-packages/pip/_vendor/pygments/console.py
would reformat /Users/dingjunqing/Desktop/Lirix/.venv_ci312/lib/python3.12/site-packages/pip/_vendor/pygments/formatter.py
would reformat /Users/dingjunqing/Desktop/Lirix/.venv_ci312/lib/python3.12/site-packages/pip/_vendor/packaging/pylock.py
would reformat /Users/dingjunqing/Desktop/Lirix/.venv_ci312/lib/python3.12/site-packages/pip/_vendor/pygments/formatters/_mapping.py
would reformat /Users/dingjunqing/Desktop/Lirix/.venv_ci312/lib/python3.12/site-packages/pip/_vendor/pygments/formatters/__init__.py
would reformat /Users/dingjunqing/Desktop/Lirix/.venv_ci312/lib/python3.12/site-packages/pip/_vendor/platformdirs/windows.py
would reformat /Users/dingjunqing/Desktop/Lirix/.venv_ci312/lib/python3.12/site-packages/pip/_vendor/distlib/util.py
would reformat /Users/dingjunqing/Desktop/Lirix/.venv_ci312/lib/python3.12/site-packages/pip/_vendor/packaging/version.py
would reformat /Users/dingjunqing/Desktop/Lirix/.venv_ci312/lib/python3.12/site-packages/pip/_vendor/pygments/lexers/__init__.py
would reformat /Users/dingjunqing/Desktop/Lirix/.venv_ci312/lib/python3.12/site-packages/pip/_vendor/pygments/modeline.py
would reformat /Users/dingjunqing/Desktop/Lirix/.venv_ci312/lib/python3.12/site-packages/pip/_vendor/pygments/regexopt.py
would reformat /Users/dingjunqing/Desktop/Lirix/.venv_ci312/lib/python3.12/site-packages/pip/_vendor/pygments/scanner.py
would reformat /Users/dingjunqing/Desktop/Lirix/.venv_ci312/lib/python3.12/site-packages/pip/_vendor/packaging/specifiers.py
would reformat /Users/dingjunqing/Desktop/Lirix/.venv_ci312/lib/python3.12/site-packages/pip/_vendor/pygments/plugin.py
would reformat /Users/dingjunqing/Desktop/Lirix/.venv_ci312/lib/python3.12/site-packages/pip/_vendor/pygments/styles/__init__.py
would reformat /Users/dingjunqing/Desktop/Lirix/.venv_ci312/lib/python3.12/site-packages/pip/_vendor/pygments/styles/_mapping.py
would reformat /Users/dingjunqing/Desktop/Lirix/.venv_ci312/lib/python3.12/site-packages/pip/_vendor/packaging/licenses/_spdx.py
would reformat /Users/dingjunqing/Desktop/Lirix/.venv_ci312/lib/python3.12/site-packages/pip/_vendor/pygments/style.py
would reformat /Users/dingjunqing/Desktop/Lirix/.venv_ci312/lib/python3.12/site-packages/pip/_vendor/pygments/sphinxext.py
would reformat /Users/dingjunqing/Desktop/Lirix/.venv_ci312/lib/python3.12/site-packages/pip/_vendor/pygments/token.py
would reformat /Users/dingjunqing/Desktop/Lirix/.venv_ci312/lib/python3.12/site-packages/pip/_vendor/pyproject_hooks/_in_process/__init__.py
would reformat /Users/dingjunqing/Desktop/Lirix/.venv_ci312/lib/python3.12/site-packages/pip/_vendor/pygments/filters/__init__.py
would reformat /Users/dingjunqing/Desktop/Lirix/.venv_ci312/lib/python3.12/site-packages/pip/_vendor/requests/__init__.py
would reformat /Users/dingjunqing/Desktop/Lirix/.venv_ci312/lib/python3.12/site-packages/pip/_vendor/pygments/unistring.py
would reformat /Users/dingjunqing/Desktop/Lirix/.venv_ci312/lib/python3.12/site-packages/pip/_vendor/pyproject_hooks/_in_process/_in_process.py
would reformat /Users/dingjunqing/Desktop/Lirix/.venv_ci312/lib/python3.12/site-packages/pip/_vendor/pygments/lexer.py
would reformat /Users/dingjunqing/Desktop/Lirix/.venv_ci312/lib/python3.12/site-packages/pip/_vendor/pygments/util.py
would reformat /Users/dingjunqing/Desktop/Lirix/.venv_ci312/lib/python3.12/site-packages/pip/_vendor/requests/packages.py
would reformat /Users/dingjunqing/Desktop/Lirix/.venv_ci312/lib/python3.12/site-packages/pip/_vendor/requests/auth.py
would reformat /Users/dingjunqing/Desktop/Lirix/.venv_ci312/lib/python3.12/site-packages/pip/_vendor/requests/adapters.py
would reformat /Users/dingjunqing/Desktop/Lirix/.venv_ci312/lib/python3.12/site-packages/pip/_vendor/resolvelib/reporters.py
would reformat /Users/dingjunqing/Desktop/Lirix/.venv_ci312/lib/python3.12/site-packages/pip/_vendor/pyproject_hooks/_impl.py
would reformat /Users/dingjunqing/Desktop/Lirix/.venv_ci312/lib/python3.12/site-packages/pip/_vendor/resolvelib/resolvers/criterion.py
would reformat /Users/dingjunqing/Desktop/Lirix/.venv_ci312/lib/python3.12/site-packages/pip/_vendor/requests/cookies.py
would reformat /Users/dingjunqing/Desktop/Lirix/.venv_ci312/lib/python3.12/site-packages/pip/_vendor/requests/sessions.py
would reformat /Users/dingjunqing/Desktop/Lirix/.venv_ci312/lib/python3.12/site-packages/pip/_vendor/resolvelib/structs.py
would reformat /Users/dingjunqing/Desktop/Lirix/.venv_ci312/lib/python3.12/site-packages/pip/_vendor/rich/__main__.py
would reformat /Users/dingjunqing/Desktop/Lirix/.venv_ci312/lib/python3.12/site-packages/pip/_vendor/rich/_emoji_replace.py
would reformat /Users/dingjunqing/Desktop/Lirix/.venv_ci312/lib/python3.12/site-packages/pip/_vendor/requests/models.py
would reformat /Users/dingjunqing/Desktop/Lirix/.venv_ci312/lib/python3.12/site-packages/pip/_vendor/resolvelib/resolvers/resolution.py
would reformat /Users/dingjunqing/Desktop/Lirix/.venv_ci312/lib/python3.12/site-packages/pip/_vendor/requests/utils.py
would reformat /Users/dingjunqing/Desktop/Lirix/.venv_ci312/lib/python3.12/site-packages/pip/_vendor/rich/_inspect.py
would reformat /Users/dingjunqing/Desktop/Lirix/.venv_ci312/lib/python3.12/site-packages/pip/_vendor/rich/_log_render.py
would reformat /Users/dingjunqing/Desktop/Lirix/.venv_ci312/lib/python3.12/site-packages/pip/_vendor/rich/bar.py
would reformat /Users/dingjunqing/Desktop/Lirix/.venv_ci312/lib/python3.12/site-packages/pip/_vendor/rich/_ratio.py
would reformat /Users/dingjunqing/Desktop/Lirix/.venv_ci312/lib/python3.12/site-packages/pip/_vendor/rich/ansi.py
would reformat /Users/dingjunqing/Desktop/Lirix/.venv_ci312/lib/python3.12/site-packages/pip/_vendor/rich/box.py
would reformat /Users/dingjunqing/Desktop/Lirix/.venv_ci312/lib/python3.12/site-packages/pip/_vendor/rich/cells.py
would reformat /Users/dingjunqing/Desktop/Lirix/.venv_ci312/lib/python3.12/site-packages/pip/_vendor/rich/align.py
would reformat /Users/dingjunqing/Desktop/Lirix/.venv_ci312/lib/python3.12/site-packages/pip/_vendor/rich/constrain.py
would reformat /Users/dingjunqing/Desktop/Lirix/.venv_ci312/lib/python3.12/site-packages/pip/_vendor/rich/columns.py
would reformat /Users/dingjunqing/Desktop/Lirix/.venv_ci312/lib/python3.12/site-packages/pip/_vendor/pygments/lexers/python.py
would reformat /Users/dingjunqing/Desktop/Lirix/.venv_ci312/lib/python3.12/site-packages/pip/_vendor/rich/control.py
would reformat /Users/dingjunqing/Desktop/Lirix/.venv_ci312/lib/python3.12/site-packages/pip/_vendor/rich/containers.py
would reformat /Users/dingjunqing/Desktop/Lirix/.venv_ci312/lib/python3.12/site-packages/pip/_vendor/rich/emoji.py
would reformat /Users/dingjunqing/Desktop/Lirix/.venv_ci312/lib/python3.12/site-packages/pip/_vendor/rich/file_proxy.py
would reformat /Users/dingjunqing/Desktop/Lirix/.venv_ci312/lib/python3.12/site-packages/pip/_vendor/rich/_win32_console.py
would reformat /Users/dingjunqing/Desktop/Lirix/.venv_ci312/lib/python3.12/site-packages/pip/_vendor/rich/live_render.py
would reformat /Users/dingjunqing/Desktop/Lirix/.venv_ci312/lib/python3.12/site-packages/pip/_vendor/rich/color.py
would reformat /Users/dingjunqing/Desktop/Lirix/.venv_ci312/lib/python3.12/site-packages/pip/_vendor/rich/measure.py
would reformat /Users/dingjunqing/Desktop/Lirix/.venv_ci312/lib/python3.12/site-packages/pip/_vendor/rich/markup.py
would reformat /Users/dingjunqing/Desktop/Lirix/.venv_ci312/lib/python3.12/site-packages/pip/_vendor/pkg_resources/__init__.py
would reformat /Users/dingjunqing/Desktop/Lirix/.venv_ci312/lib/python3.12/site-packages/pip/_vendor/rich/logging.py
would reformat /Users/dingjunqing/Desktop/Lirix/.venv_ci312/lib/python3.12/site-packages/pip/_vendor/rich/padding.py
would reformat /Users/dingjunqing/Desktop/Lirix/.venv_ci312/lib/python3.12/site-packages/pip/_vendor/rich/highlighter.py
would reformat /Users/dingjunqing/Desktop/Lirix/.venv_ci312/lib/python3.12/site-packages/pip/_vendor/rich/palette.py
would reformat /Users/dingjunqing/Desktop/Lirix/.venv_ci312/lib/python3.12/site-packages/pip/_vendor/rich/repr.py
would reformat /Users/dingjunqing/Desktop/Lirix/.venv_ci312/lib/python3.12/site-packages/pip/_vendor/rich/live.py
would reformat /Users/dingjunqing/Desktop/Lirix/.venv_ci312/lib/python3.12/site-packages/pip/_vendor/rich/prompt.py
would reformat /Users/dingjunqing/Desktop/Lirix/.venv_ci312/lib/python3.12/site-packages/pip/_vendor/rich/screen.py
would reformat /Users/dingjunqing/Desktop/Lirix/.venv_ci312/lib/python3.12/site-packages/pip/_vendor/rich/progress_bar.py
would reformat /Users/dingjunqing/Desktop/Lirix/.venv_ci312/lib/python3.12/site-packages/pip/_vendor/rich/layout.py
would reformat /Users/dingjunqing/Desktop/Lirix/.venv_ci312/lib/python3.12/site-packages/pip/_vendor/rich/spinner.py
would reformat /Users/dingjunqing/Desktop/Lirix/.venv_ci312/lib/python3.12/site-packages/pip/_vendor/rich/status.py
would reformat /Users/dingjunqing/Desktop/Lirix/.venv_ci312/lib/python3.12/site-packages/pip/_vendor/rich/styled.py
would reformat /Users/dingjunqing/Desktop/Lirix/.venv_ci312/lib/python3.12/site-packages/pip/_vendor/rich/panel.py
would reformat /Users/dingjunqing/Desktop/Lirix/.venv_ci312/lib/python3.12/site-packages/pip/_vendor/rich/rule.py
would reformat /Users/dingjunqing/Desktop/Lirix/.venv_ci312/lib/python3.12/site-packages/pip/_vendor/rich/theme.py
would reformat /Users/dingjunqing/Desktop/Lirix/.venv_ci312/lib/python3.12/site-packages/pip/_vendor/rich/segment.py
would reformat /Users/dingjunqing/Desktop/Lirix/.venv_ci312/lib/python3.12/site-packages/pip/_vendor/rich/tree.py
would reformat /Users/dingjunqing/Desktop/Lirix/.venv_ci312/lib/python3.12/site-packages/pip/_vendor/rich/style.py
would reformat /Users/dingjunqing/Desktop/Lirix/.venv_ci312/lib/python3.12/site-packages/pip/_vendor/pygments/lexers/_mapping.py
would reformat /Users/dingjunqing/Desktop/Lirix/.venv_ci312/lib/python3.12/site-packages/pip/_vendor/tomli/_re.py
would reformat /Users/dingjunqing/Desktop/Lirix/.venv_ci312/lib/python3.12/site-packages/pip/_vendor/rich/syntax.py
would reformat /Users/dingjunqing/Desktop/Lirix/.venv_ci312/lib/python3.12/site-packages/pip/_vendor/rich/pretty.py
would reformat /Users/dingjunqing/Desktop/Lirix/.venv_ci312/lib/python3.12/site-packages/pip/_vendor/truststore/_ssl_constants.py
would reformat /Users/dingjunqing/Desktop/Lirix/.venv_ci312/lib/python3.12/site-packages/pip/_vendor/tomli_w/_writer.py
would reformat /Users/dingjunqing/Desktop/Lirix/.venv_ci312/lib/python3.12/site-packages/pip/_vendor/rich/progress.py
would reformat /Users/dingjunqing/Desktop/Lirix/.venv_ci312/lib/python3.12/site-packages/pip/_vendor/truststore/_api.py
would reformat /Users/dingjunqing/Desktop/Lirix/.venv_ci312/lib/python3.12/site-packages/pip/_vendor/rich/traceback.py
would reformat /Users/dingjunqing/Desktop/Lirix/.venv_ci312/lib/python3.12/site-packages/pip/_vendor/rich/table.py
would reformat /Users/dingjunqing/Desktop/Lirix/.venv_ci312/lib/python3.12/site-packages/pip/_vendor/urllib3/_version.py
would reformat /Users/dingjunqing/Desktop/Lirix/.venv_ci312/lib/python3.12/site-packages/pip/_vendor/rich/text.py
would reformat /Users/dingjunqing/Desktop/Lirix/.venv_ci312/lib/python3.12/site-packages/pip/_vendor/urllib3/_base_connection.py
would reformat /Users/dingjunqing/Desktop/Lirix/.venv_ci312/lib/python3.12/site-packages/pip/_vendor/truststore/_windows.py
would reformat /Users/dingjunqing/Desktop/Lirix/.venv_ci312/lib/python3.12/site-packages/pip/_vendor/urllib3/_collections.py
would reformat /Users/dingjunqing/Desktop/Lirix/.venv_ci312/lib/python3.12/site-packages/pip/_vendor/urllib3/_request_methods.py
would reformat /Users/dingjunqing/Desktop/Lirix/.venv_ci312/lib/python3.12/site-packages/pip/_vendor/tomli/_parser.py
would reformat /Users/dingjunqing/Desktop/Lirix/.venv_ci312/lib/python3.12/site-packages/pip/_vendor/urllib3/contrib/emscripten/response.py
would reformat /Users/dingjunqing/Desktop/Lirix/.venv_ci312/lib/python3.12/site-packages/pip/_vendor/truststore/_macos.py
would reformat /Users/dingjunqing/Desktop/Lirix/.venv_ci312/lib/python3.12/site-packages/pip/_vendor/urllib3/contrib/emscripten/connection.py
would reformat /Users/dingjunqing/Desktop/Lirix/.venv_ci312/lib/python3.12/site-packages/pip/_vendor/urllib3/contrib/socks.py
would reformat /Users/dingjunqing/Desktop/Lirix/.venv_ci312/lib/python3.12/site-packages/pip/_vendor/urllib3/exceptions.py
would reformat /Users/dingjunqing/Desktop/Lirix/.venv_ci312/lib/python3.12/site-packages/pip/_vendor/urllib3/contrib/emscripten/fetch.py
would reformat /Users/dingjunqing/Desktop/Lirix/.venv_ci312/lib/python3.12/site-packages/pip/_vendor/urllib3/http2/probe.py
would reformat /Users/dingjunqing/Desktop/Lirix/.venv_ci312/lib/python3.12/site-packages/pip/_vendor/urllib3/util/proxy.py
would reformat /Users/dingjunqing/Desktop/Lirix/.venv_ci312/lib/python3.12/site-packages/pip/_vendor/urllib3/fields.py
would reformat /Users/dingjunqing/Desktop/Lirix/.venv_ci312/lib/python3.12/site-packages/pip/_vendor/urllib3/contrib/pyopenssl.py
would reformat /Users/dingjunqing/Desktop/Lirix/.venv_ci312/lib/python3.12/site-packages/pip/_vendor/urllib3/http2/connection.py
would reformat /Users/dingjunqing/Desktop/Lirix/.venv_ci312/lib/python3.12/site-packages/pip/_vendor/urllib3/util/response.py
would reformat /Users/dingjunqing/Desktop/Lirix/.venv_ci312/lib/python3.12/site-packages/pip/_vendor/urllib3/poolmanager.py
would reformat /Users/dingjunqing/Desktop/Lirix/.venv_ci312/lib/python3.12/site-packages/pip/_vendor/urllib3/util/request.py
would reformat /Users/dingjunqing/Desktop/Lirix/.venv_ci312/lib/python3.12/site-packages/pip/_vendor/urllib3/util/connection.py
would reformat /Users/dingjunqing/Desktop/Lirix/.venv_ci312/lib/python3.12/site-packages/pip/_vendor/urllib3/util/ssl_match_hostname.py
would reformat /Users/dingjunqing/Desktop/Lirix/.venv_ci312/lib/python3.12/site-packages/pip/_vendor/urllib3/util/util.py
would reformat /Users/dingjunqing/Desktop/Lirix/.venv_ci312/lib/python3.12/site-packages/pip/_vendor/urllib3/util/timeout.py
would reformat /Users/dingjunqing/Desktop/Lirix/.venv_ci312/lib/python3.12/site-packages/pip/_vendor/urllib3/connectionpool.py
would reformat /Users/dingjunqing/Desktop/Lirix/.venv_ci312/lib/python3.12/site-packages/pip/_vendor/urllib3/connection.py
would reformat /Users/dingjunqing/Desktop/Lirix/.venv_ci312/lib/python3.12/site-packages/platformdirs/_xdg.py
would reformat /Users/dingjunqing/Desktop/Lirix/.venv_ci312/lib/python3.12/site-packages/pip/_vendor/urllib3/util/ssl_.py
would reformat /Users/dingjunqing/Desktop/Lirix/.venv_ci312/lib/python3.12/site-packages/platformdirs/android.py
would reformat /Users/dingjunqing/Desktop/Lirix/.venv_ci312/lib/python3.12/site-packages/platformdirs/version.py
would reformat /Users/dingjunqing/Desktop/Lirix/.venv_ci312/lib/python3.12/site-packages/pip/_vendor/rich/console.py
would reformat /Users/dingjunqing/Desktop/Lirix/.venv_ci312/lib/python3.12/site-packages/pip/_vendor/urllib3/util/retry.py
would reformat /Users/dingjunqing/Desktop/Lirix/.venv_ci312/lib/python3.12/site-packages/pip/_vendor/urllib3/util/url.py
would reformat /Users/dingjunqing/Desktop/Lirix/.venv_ci312/lib/python3.12/site-packages/pluggy/_version.py
would reformat /Users/dingjunqing/Desktop/Lirix/.venv_ci312/lib/python3.12/site-packages/propcache/_helpers_py.py
would reformat /Users/dingjunqing/Desktop/Lirix/.venv_ci312/lib/python3.12/site-packages/pydantic/_internal/_core_metadata.py
would reformat /Users/dingjunqing/Desktop/Lirix/.venv_ci312/lib/python3.12/site-packages/pluggy/_callers.py
would reformat /Users/dingjunqing/Desktop/Lirix/.venv_ci312/lib/python3.12/site-packages/platformdirs/windows.py
would reformat /Users/dingjunqing/Desktop/Lirix/.venv_ci312/lib/python3.12/site-packages/pydantic/_internal/_dataclasses.py
would reformat /Users/dingjunqing/Desktop/Lirix/.venv_ci312/lib/python3.12/site-packages/pydantic/_internal/_config.py
would reformat /Users/dingjunqing/Desktop/Lirix/.venv_ci312/lib/python3.12/site-packages/platformdirs/macos.py
would reformat /Users/dingjunqing/Desktop/Lirix/.venv_ci312/lib/python3.12/site-packages/pydantic/_internal/_decorators_v1.py
would reformat /Users/dingjunqing/Desktop/Lirix/.venv_ci312/lib/python3.12/site-packages/platformdirs/unix.py
would reformat /Users/dingjunqing/Desktop/Lirix/.venv_ci312/lib/python3.12/site-packages/pydantic/_internal/_forward_ref.py
would reformat /Users/dingjunqing/Desktop/Lirix/.venv_ci312/lib/python3.12/site-packages/pydantic/__init__.py
would reformat /Users/dingjunqing/Desktop/Lirix/.venv_ci312/lib/python3.12/site-packages/pydantic/_internal/_docs_extraction.py
would reformat /Users/dingjunqing/Desktop/Lirix/.venv_ci312/lib/python3.12/site-packages/pydantic/_internal/_git.py
would reformat /Users/dingjunqing/Desktop/Lirix/.venv_ci312/lib/python3.12/site-packages/pydantic/_internal/_import_utils.py
would reformat /Users/dingjunqing/Desktop/Lirix/.venv_ci312/lib/python3.12/site-packages/pydantic/_internal/_internal_dataclass.py
would reformat /Users/dingjunqing/Desktop/Lirix/.venv_ci312/lib/python3.12/site-packages/pydantic/_internal/_core_utils.py
would reformat /Users/dingjunqing/Desktop/Lirix/.venv_ci312/lib/python3.12/site-packages/pluggy/_hooks.py
would reformat /Users/dingjunqing/Desktop/Lirix/.venv_ci312/lib/python3.12/site-packages/pluggy/_manager.py
would reformat /Users/dingjunqing/Desktop/Lirix/.venv_ci312/lib/python3.12/site-packages/pydantic/_internal/_mock_val_ser.py
would reformat /Users/dingjunqing/Desktop/Lirix/.venv_ci312/lib/python3.12/site-packages/pydantic/_internal/_namespace_utils.py
would reformat /Users/dingjunqing/Desktop/Lirix/.venv_ci312/lib/python3.12/site-packages/pydantic/_internal/_repr.py
would reformat /Users/dingjunqing/Desktop/Lirix/.venv_ci312/lib/python3.12/site-packages/pydantic/_internal/_discriminated_union.py
would reformat /Users/dingjunqing/Desktop/Lirix/.venv_ci312/lib/python3.12/site-packages/pip/_vendor/urllib3/response.py
would reformat /Users/dingjunqing/Desktop/Lirix/.venv_ci312/lib/python3.12/site-packages/pydantic/_internal/_known_annotated_metadata.py
would reformat /Users/dingjunqing/Desktop/Lirix/.venv_ci312/lib/python3.12/site-packages/pydantic/_internal/_schema_generation_shared.py
would reformat /Users/dingjunqing/Desktop/Lirix/.venv_ci312/lib/python3.12/site-packages/pydantic/_internal/_schema_gather.py
would reformat /Users/dingjunqing/Desktop/Lirix/.venv_ci312/lib/python3.12/site-packages/pydantic/_internal/_signature.py
would reformat /Users/dingjunqing/Desktop/Lirix/.venv_ci312/lib/python3.12/site-packages/pydantic/_internal/_generics.py
would reformat /Users/dingjunqing/Desktop/Lirix/.venv_ci312/lib/python3.12/site-packages/pydantic/_internal/_decorators.py
would reformat /Users/dingjunqing/Desktop/Lirix/.venv_ci312/lib/python3.12/site-packages/pydantic/_internal/_validate_call.py
would reformat /Users/dingjunqing/Desktop/Lirix/.venv_ci312/lib/python3.12/site-packages/pydantic/alias_generators.py
would reformat /Users/dingjunqing/Desktop/Lirix/.venv_ci312/lib/python3.12/site-packages/pydantic/annotated_handlers.py
would reformat /Users/dingjunqing/Desktop/Lirix/.venv_ci312/lib/python3.12/site-packages/pydantic/_migration.py
would reformat /Users/dingjunqing/Desktop/Lirix/.venv_ci312/lib/python3.12/site-packages/pydantic/aliases.py
would reformat /Users/dingjunqing/Desktop/Lirix/.venv_ci312/lib/python3.12/site-packages/pydantic/deprecated/class_validators.py
would reformat /Users/dingjunqing/Desktop/Lirix/.venv_ci312/lib/python3.12/site-packages/pydantic/deprecated/config.py
would reformat /Users/dingjunqing/Desktop/Lirix/.venv_ci312/lib/python3.12/site-packages/pydantic/_internal/_typing_extra.py
would reformat /Users/dingjunqing/Desktop/Lirix/.venv_ci312/lib/python3.12/site-packages/pydantic/_internal/_fields.py
would reformat /Users/dingjunqing/Desktop/Lirix/.venv_ci312/lib/python3.12/site-packages/pydantic/_internal/_validators.py
would reformat /Users/dingjunqing/Desktop/Lirix/.venv_ci312/lib/python3.12/site-packages/pydantic/_internal/_model_construction.py
would reformat /Users/dingjunqing/Desktop/Lirix/.venv_ci312/lib/python3.12/site-packages/pydantic/config.py
would reformat /Users/dingjunqing/Desktop/Lirix/.venv_ci312/lib/python3.12/site-packages/pydantic/deprecated/parse.py
would reformat /Users/dingjunqing/Desktop/Lirix/.venv_ci312/lib/python3.12/site-packages/pydantic/experimental/missing_sentinel.py
would reformat /Users/dingjunqing/Desktop/Lirix/.venv_ci312/lib/python3.12/site-packages/pydantic/deprecated/json.py
would reformat /Users/dingjunqing/Desktop/Lirix/.venv_ci312/lib/python3.12/site-packages/pydantic/deprecated/tools.py
would reformat /Users/dingjunqing/Desktop/Lirix/.venv_ci312/lib/python3.12/site-packages/pydantic/experimental/arguments_schema.py
would reformat /Users/dingjunqing/Desktop/Lirix/.venv_ci312/lib/python3.12/site-packages/pydantic/_internal/_utils.py
would reformat /Users/dingjunqing/Desktop/Lirix/.venv_ci312/lib/python3.12/site-packages/pydantic/dataclasses.py
would reformat /Users/dingjunqing/Desktop/Lirix/.venv_ci312/lib/python3.12/site-packages/pydantic/deprecated/copy_internals.py
would reformat /Users/dingjunqing/Desktop/Lirix/.venv_ci312/lib/python3.12/site-packages/pydantic/errors.py
would reformat /Users/dingjunqing/Desktop/Lirix/.venv_ci312/lib/python3.12/site-packages/pydantic/deprecated/decorator.py
would reformat /Users/dingjunqing/Desktop/Lirix/.venv_ci312/lib/python3.12/site-packages/pydantic/functional_serializers.py
would reformat /Users/dingjunqing/Desktop/Lirix/.venv_ci312/lib/python3.12/site-packages/pydantic/color.py
would reformat /Users/dingjunqing/Desktop/Lirix/.venv_ci312/lib/python3.12/site-packages/pydantic/plugin/_loader.py
would reformat /Users/dingjunqing/Desktop/Lirix/.venv_ci312/lib/python3.12/site-packages/pydantic/functional_validators.py
would reformat /Users/dingjunqing/Desktop/Lirix/.venv_ci312/lib/python3.12/site-packages/pydantic/plugin/__init__.py
would reformat /Users/dingjunqing/Desktop/Lirix/.venv_ci312/lib/python3.12/site-packages/pydantic/plugin/_schema_validator.py
would reformat /Users/dingjunqing/Desktop/Lirix/.venv_ci312/lib/python3.12/site-packages/pydantic/experimental/pipeline.py
would reformat /Users/dingjunqing/Desktop/Lirix/.venv_ci312/lib/python3.12/site-packages/pydantic/root_model.py
would reformat /Users/dingjunqing/Desktop/Lirix/.venv_ci312/lib/python3.12/site-packages/pydantic/v1/__init__.py
would reformat /Users/dingjunqing/Desktop/Lirix/.venv_ci312/lib/python3.12/site-packages/pydantic/type_adapter.py
would reformat /Users/dingjunqing/Desktop/Lirix/.venv_ci312/lib/python3.12/site-packages/pydantic/networks.py
would reformat /Users/dingjunqing/Desktop/Lirix/.venv_ci312/lib/python3.12/site-packages/pydantic/v1/annotated_types.py
would reformat /Users/dingjunqing/Desktop/Lirix/.venv_ci312/lib/python3.12/site-packages/pydantic/v1/_hypothesis_plugin.py
would reformat /Users/dingjunqing/Desktop/Lirix/.venv_ci312/lib/python3.12/site-packages/pydantic/v1/config.py
would reformat /Users/dingjunqing/Desktop/Lirix/.venv_ci312/lib/python3.12/site-packages/pydantic/v1/class_validators.py
would reformat /Users/dingjunqing/Desktop/Lirix/.venv_ci312/lib/python3.12/site-packages/pydantic/v1/datetime_parse.py
would reformat /Users/dingjunqing/Desktop/Lirix/.venv_ci312/lib/python3.12/site-packages/pydantic/mypy.py
would reformat /Users/dingjunqing/Desktop/Lirix/.venv_ci312/lib/python3.12/site-packages/pydantic/main.py
would reformat /Users/dingjunqing/Desktop/Lirix/.venv_ci312/lib/python3.12/site-packages/pydantic/v1/decorator.py
would reformat /Users/dingjunqing/Desktop/Lirix/.venv_ci312/lib/python3.12/site-packages/pydantic/v1/error_wrappers.py
would reformat /Users/dingjunqing/Desktop/Lirix/.venv_ci312/lib/python3.12/site-packages/pydantic/v1/color.py
would reformat /Users/dingjunqing/Desktop/Lirix/.venv_ci312/lib/python3.12/site-packages/pydantic/v1/json.py
would reformat /Users/dingjunqing/Desktop/Lirix/.venv_ci312/lib/python3.12/site-packages/pydantic/fields.py
would reformat /Users/dingjunqing/Desktop/Lirix/.venv_ci312/lib/python3.12/site-packages/pydantic/v1/errors.py
would reformat /Users/dingjunqing/Desktop/Lirix/.venv_ci312/lib/python3.12/site-packages/pydantic/types.py
would reformat /Users/dingjunqing/Desktop/Lirix/.venv_ci312/lib/python3.12/site-packages/pydantic/v1/dataclasses.py
would reformat /Users/dingjunqing/Desktop/Lirix/.venv_ci312/lib/python3.12/site-packages/pydantic/v1/parse.py
would reformat /Users/dingjunqing/Desktop/Lirix/.venv_ci312/lib/python3.12/site-packages/pydantic/v1/env_settings.py
would reformat /Users/dingjunqing/Desktop/Lirix/.venv_ci312/lib/python3.12/site-packages/pydantic/v1/generics.py
would reformat /Users/dingjunqing/Desktop/Lirix/.venv_ci312/lib/python3.12/site-packages/pydantic/v1/tools.py
would reformat /Users/dingjunqing/Desktop/Lirix/.venv_ci312/lib/python3.12/site-packages/pydantic/v1/typing.py
would reformat /Users/dingjunqing/Desktop/Lirix/.venv_ci312/lib/python3.12/site-packages/pydantic/v1/networks.py
would reformat /Users/dingjunqing/Desktop/Lirix/.venv_ci312/lib/python3.12/site-packages/pydantic/v1/version.py
would reformat /Users/dingjunqing/Desktop/Lirix/.venv_ci312/lib/python3.12/site-packages/pydantic/validate_call_decorator.py
would reformat /Users/dingjunqing/Desktop/Lirix/.venv_ci312/lib/python3.12/site-packages/pydantic/_internal/_generate_schema.py
would reformat /Users/dingjunqing/Desktop/Lirix/.venv_ci312/lib/python3.12/site-packages/pydantic/version.py
would reformat /Users/dingjunqing/Desktop/Lirix/.venv_ci312/lib/python3.12/site-packages/pydantic_core/__init__.py
would reformat /Users/dingjunqing/Desktop/Lirix/.venv_ci312/lib/python3.12/site-packages/pydantic/warnings.py
would reformat /Users/dingjunqing/Desktop/Lirix/.venv_ci312/lib/python3.12/site-packages/pydantic/json_schema.py
would reformat /Users/dingjunqing/Desktop/Lirix/.venv_ci312/lib/python3.12/site-packages/pydantic/v1/fields.py
would reformat /Users/dingjunqing/Desktop/Lirix/.venv_ci312/lib/python3.12/site-packages/pygments/__init__.py
would reformat /Users/dingjunqing/Desktop/Lirix/.venv_ci312/lib/python3.12/site-packages/pydantic/v1/types.py
would reformat /Users/dingjunqing/Desktop/Lirix/.venv_ci312/lib/python3.12/site-packages/pydantic/v1/utils.py
would reformat /Users/dingjunqing/Desktop/Lirix/.venv_ci312/lib/python3.12/site-packages/pygments/filter.py
would reformat /Users/dingjunqing/Desktop/Lirix/.venv_ci312/lib/python3.12/site-packages/pygments/console.py
would reformat /Users/dingjunqing/Desktop/Lirix/.venv_ci312/lib/python3.12/site-packages/pydantic/v1/validators.py
would reformat /Users/dingjunqing/Desktop/Lirix/.venv_ci312/lib/python3.12/site-packages/pygments/formatter.py
would reformat /Users/dingjunqing/Desktop/Lirix/.venv_ci312/lib/python3.12/site-packages/pygments/formatters/__init__.py
would reformat /Users/dingjunqing/Desktop/Lirix/.venv_ci312/lib/python3.12/site-packages/pydantic/v1/mypy.py
would reformat /Users/dingjunqing/Desktop/Lirix/.venv_ci312/lib/python3.12/site-packages/pygments/formatters/bbcode.py
would reformat /Users/dingjunqing/Desktop/Lirix/.venv_ci312/lib/python3.12/site-packages/pygments/formatters/_mapping.py
would reformat /Users/dingjunqing/Desktop/Lirix/.venv_ci312/lib/python3.12/site-packages/pygments/formatters/groff.py
would reformat /Users/dingjunqing/Desktop/Lirix/.venv_ci312/lib/python3.12/site-packages/pydantic/v1/schema.py
would reformat /Users/dingjunqing/Desktop/Lirix/.venv_ci312/lib/python3.12/site-packages/pydantic/v1/main.py
would reformat /Users/dingjunqing/Desktop/Lirix/.venv_ci312/lib/python3.12/site-packages/pygments/formatters/pangomarkup.py
would reformat /Users/dingjunqing/Desktop/Lirix/.venv_ci312/lib/python3.12/site-packages/pygments/formatters/irc.py
would reformat /Users/dingjunqing/Desktop/Lirix/.venv_ci312/lib/python3.12/site-packages/pydantic_core/_pydantic_core.pyi
would reformat /Users/dingjunqing/Desktop/Lirix/.venv_ci312/lib/python3.12/site-packages/pygments/formatters/terminal.py
would reformat /Users/dingjunqing/Desktop/Lirix/.venv_ci312/lib/python3.12/site-packages/pygments/formatters/svg.py
would reformat /Users/dingjunqing/Desktop/Lirix/.venv_ci312/lib/python3.12/site-packages/pygments/formatters/rtf.py
would reformat /Users/dingjunqing/Desktop/Lirix/.venv_ci312/lib/python3.12/site-packages/pygments/cmdline.py
would reformat /Users/dingjunqing/Desktop/Lirix/.venv_ci312/lib/python3.12/site-packages/pygments/lexers/_ada_builtins.py
would reformat /Users/dingjunqing/Desktop/Lirix/.venv_ci312/lib/python3.12/site-packages/pygments/formatters/img.py
would reformat /Users/dingjunqing/Desktop/Lirix/.venv_ci312/lib/python3.12/site-packages/pygments/filters/__init__.py
would reformat /Users/dingjunqing/Desktop/Lirix/.venv_ci312/lib/python3.12/site-packages/pygments/formatters/latex.py
would reformat /Users/dingjunqing/Desktop/Lirix/.venv_ci312/lib/python3.12/site-packages/pygments/formatters/html.py
would reformat /Users/dingjunqing/Desktop/Lirix/.venv_ci312/lib/python3.12/site-packages/pygments/lexers/_csound_builtins.py
would reformat /Users/dingjunqing/Desktop/Lirix/.venv_ci312/lib/python3.12/site-packages/pygments/formatters/terminal256.py
would reformat /Users/dingjunqing/Desktop/Lirix/.venv_ci312/lib/python3.12/site-packages/pygments/lexers/__init__.py
would reformat /Users/dingjunqing/Desktop/Lirix/.venv_ci312/lib/python3.12/site-packages/pygments/lexers/_css_builtins.py
would reformat /Users/dingjunqing/Desktop/Lirix/.venv_ci312/lib/python3.12/site-packages/pygments/formatters/other.py
would reformat /Users/dingjunqing/Desktop/Lirix/.venv_ci312/lib/python3.12/site-packages/pygments/lexers/_googlesql_builtins.py
would reformat /Users/dingjunqing/Desktop/Lirix/.venv_ci312/lib/python3.12/site-packages/pygments/lexers/_luau_builtins.py
would reformat /Users/dingjunqing/Desktop/Lirix/.venv_ci312/lib/python3.12/site-packages/pygments/lexers/_cl_builtins.py
would reformat /Users/dingjunqing/Desktop/Lirix/.venv_ci312/lib/python3.12/site-packages/pygments/lexers/_lua_builtins.py
would reformat /Users/dingjunqing/Desktop/Lirix/.venv_ci312/lib/python3.12/site-packages/pygments/lexers/_julia_builtins.py
would reformat /Users/dingjunqing/Desktop/Lirix/.venv_ci312/lib/python3.12/site-packages/pygments/lexer.py
would reformat /Users/dingjunqing/Desktop/Lirix/.venv_ci312/lib/python3.12/site-packages/pygments/lexers/_asy_builtins.py
would reformat /Users/dingjunqing/Desktop/Lirix/.venv_ci312/lib/python3.12/site-packages/pygments/lexers/_mql_builtins.py
would reformat /Users/dingjunqing/Desktop/Lirix/.venv_ci312/lib/python3.12/site-packages/pygments/lexers/_mysql_builtins.py
would reformat /Users/dingjunqing/Desktop/Lirix/.venv_ci312/lib/python3.12/site-packages/pygments/lexers/_postgres_builtins.py
would reformat /Users/dingjunqing/Desktop/Lirix/.venv_ci312/lib/python3.12/site-packages/pygments/lexers/_openedge_builtins.py
would reformat /Users/dingjunqing/Desktop/Lirix/.venv_ci312/lib/python3.12/site-packages/pygments/lexers/_scheme_builtins.py
would reformat /Users/dingjunqing/Desktop/Lirix/.venv_ci312/lib/python3.12/site-packages/pygments/lexers/_sourcemod_builtins.py
would reformat /Users/dingjunqing/Desktop/Lirix/.venv_ci312/lib/python3.12/site-packages/pydantic_core/core_schema.py
would reformat /Users/dingjunqing/Desktop/Lirix/.venv_ci312/lib/python3.12/site-packages/pygments/lexers/_cocoa_builtins.py
would reformat /Users/dingjunqing/Desktop/Lirix/.venv_ci312/lib/python3.12/site-packages/pygments/lexers/_sql_builtins.py
would reformat /Users/dingjunqing/Desktop/Lirix/.venv_ci312/lib/python3.12/site-packages/pygments/lexers/_vbscript_builtins.py
would reformat /Users/dingjunqing/Desktop/Lirix/.venv_ci312/lib/python3.12/site-packages/pygments/lexers/_stan_builtins.py
would reformat /Users/dingjunqing/Desktop/Lirix/.venv_ci312/lib/python3.12/site-packages/pygments/lexers/actionscript.py
would reformat /Users/dingjunqing/Desktop/Lirix/.venv_ci312/lib/python3.12/site-packages/pygments/lexers/agile.py
would reformat /Users/dingjunqing/Desktop/Lirix/.venv_ci312/lib/python3.12/site-packages/pygments/lexers/_tsql_builtins.py
would reformat /Users/dingjunqing/Desktop/Lirix/.venv_ci312/lib/python3.12/site-packages/pygments/lexers/ada.py
would reformat /Users/dingjunqing/Desktop/Lirix/.venv_ci312/lib/python3.12/site-packages/pygments/lexers/ambient.py
would reformat /Users/dingjunqing/Desktop/Lirix/.venv_ci312/lib/python3.12/site-packages/pygments/lexers/amdgpu.py
would reformat /Users/dingjunqing/Desktop/Lirix/.venv_ci312/lib/python3.12/site-packages/pygments/lexers/algebra.py
would reformat /Users/dingjunqing/Desktop/Lirix/.venv_ci312/lib/python3.12/site-packages/pygments/lexers/_php_builtins.py
would reformat /Users/dingjunqing/Desktop/Lirix/.venv_ci312/lib/python3.12/site-packages/pygments/lexers/apl.py
would reformat /Users/dingjunqing/Desktop/Lirix/.venv_ci312/lib/python3.12/site-packages/pygments/lexers/ampl.py
would reformat /Users/dingjunqing/Desktop/Lirix/.venv_ci312/lib/python3.12/site-packages/pygments/lexers/_stata_builtins.py
would reformat /Users/dingjunqing/Desktop/Lirix/.venv_ci312/lib/python3.12/site-packages/pygments/lexers/arrow.py
would reformat /Users/dingjunqing/Desktop/Lirix/.venv_ci312/lib/python3.12/site-packages/pygments/lexers/asc.py
would reformat /Users/dingjunqing/Desktop/Lirix/.venv_ci312/lib/python3.12/site-packages/pygments/lexers/_lilypond_builtins.py
would reformat /Users/dingjunqing/Desktop/Lirix/.venv_ci312/lib/python3.12/site-packages/pygments/lexers/archetype.py
would reformat /Users/dingjunqing/Desktop/Lirix/.venv_ci312/lib/python3.12/site-packages/pygments/lexers/asn1.py
would reformat /Users/dingjunqing/Desktop/Lirix/.venv_ci312/lib/python3.12/site-packages/pygments/lexers/arturo.py
would reformat /Users/dingjunqing/Desktop/Lirix/.venv_ci312/lib/python3.12/site-packages/pygments/lexers/bdd.py
would reformat /Users/dingjunqing/Desktop/Lirix/.venv_ci312/lib/python3.12/site-packages/pygments/lexers/bare.py
would reformat /Users/dingjunqing/Desktop/Lirix/.venv_ci312/lib/python3.12/site-packages/pygments/lexers/automation.py
would reformat /Users/dingjunqing/Desktop/Lirix/.venv_ci312/lib/python3.12/site-packages/pygments/lexers/_lasso_builtins.py
would reformat /Users/dingjunqing/Desktop/Lirix/.venv_ci312/lib/python3.12/site-packages/pygments/lexers/_scilab_builtins.py
would reformat /Users/dingjunqing/Desktop/Lirix/.venv_ci312/lib/python3.12/site-packages/pygments/lexers/bqn.py
would reformat /Users/dingjunqing/Desktop/Lirix/.venv_ci312/lib/python3.12/site-packages/pygments/lexers/berry.py
would reformat /Users/dingjunqing/Desktop/Lirix/.venv_ci312/lib/python3.12/site-packages/pygments/lexers/boa.py
would reformat /Users/dingjunqing/Desktop/Lirix/.venv_ci312/lib/python3.12/site-packages/pygments/lexers/blueprint.py
would reformat /Users/dingjunqing/Desktop/Lirix/.venv_ci312/lib/python3.12/site-packages/pygments/lexers/capnproto.py
would reformat /Users/dingjunqing/Desktop/Lirix/.venv_ci312/lib/python3.12/site-packages/pygments/lexers/bibtex.py
would reformat /Users/dingjunqing/Desktop/Lirix/.venv_ci312/lib/python3.12/site-packages/pygments/lexers/carbon.py
would reformat /Users/dingjunqing/Desktop/Lirix/.venv_ci312/lib/python3.12/site-packages/pygments/lexers/cddl.py
would reformat /Users/dingjunqing/Desktop/Lirix/.venv_ci312/lib/python3.12/site-packages/pygments/lexers/apdlexer.py
would reformat /Users/dingjunqing/Desktop/Lirix/.venv_ci312/lib/python3.12/site-packages/pygments/lexers/codeql.py
would reformat /Users/dingjunqing/Desktop/Lirix/.venv_ci312/lib/python3.12/site-packages/pygments/lexers/chapel.py
would reformat /Users/dingjunqing/Desktop/Lirix/.venv_ci312/lib/python3.12/site-packages/pygments/lexers/compiled.py
would reformat /Users/dingjunqing/Desktop/Lirix/.venv_ci312/lib/python3.12/site-packages/pygments/lexers/comal.py
would reformat /Users/dingjunqing/Desktop/Lirix/.venv_ci312/lib/python3.12/site-packages/pygments/lexers/business.py
would reformat /Users/dingjunqing/Desktop/Lirix/.venv_ci312/lib/python3.12/site-packages/pygments/lexers/clean.py
would reformat /Users/dingjunqing/Desktop/Lirix/.venv_ci312/lib/python3.12/site-packages/pygments/lexers/c_cpp.py
would reformat /Users/dingjunqing/Desktop/Lirix/.venv_ci312/lib/python3.12/site-packages/pygments/lexers/cplint.py
would reformat /Users/dingjunqing/Desktop/Lirix/.venv_ci312/lib/python3.12/site-packages/pygments/lexers/console.py
would reformat /Users/dingjunqing/Desktop/Lirix/.venv_ci312/lib/python3.12/site-packages/pygments/lexers/asm.py
would reformat /Users/dingjunqing/Desktop/Lirix/.venv_ci312/lib/python3.12/site-packages/pygments/lexers/basic.py
would reformat /Users/dingjunqing/Desktop/Lirix/.venv_ci312/lib/python3.12/site-packages/pygments/lexers/dalvik.py
would reformat /Users/dingjunqing/Desktop/Lirix/.venv_ci312/lib/python3.12/site-packages/pygments/lexers/_mapping.py
would reformat /Users/dingjunqing/Desktop/Lirix/.venv_ci312/lib/python3.12/site-packages/pygments/lexers/d.py
would reformat /Users/dingjunqing/Desktop/Lirix/.venv_ci312/lib/python3.12/site-packages/pygments/lexers/crystal.py
would reformat /Users/dingjunqing/Desktop/Lirix/.venv_ci312/lib/python3.12/site-packages/pygments/lexers/csound.py
would reformat /Users/dingjunqing/Desktop/Lirix/.venv_ci312/lib/python3.12/site-packages/pygments/lexers/dax.py
would reformat /Users/dingjunqing/Desktop/Lirix/.venv_ci312/lib/python3.12/site-packages/pygments/lexers/devicetree.py
would reformat /Users/dingjunqing/Desktop/Lirix/.venv_ci312/lib/python3.12/site-packages/pygments/lexers/dns.py
would reformat /Users/dingjunqing/Desktop/Lirix/.venv_ci312/lib/python3.12/site-packages/pygments/lexers/diff.py
would reformat /Users/dingjunqing/Desktop/Lirix/.venv_ci312/lib/python3.12/site-packages/pygments/lexers/c_like.py
would reformat /Users/dingjunqing/Desktop/Lirix/.venv_ci312/lib/python3.12/site-packages/pygments/lexers/eiffel.py
would reformat /Users/dingjunqing/Desktop/Lirix/.venv_ci312/lib/python3.12/site-packages/pygments/lexers/_vim_builtins.py
would reformat /Users/dingjunqing/Desktop/Lirix/.venv_ci312/lib/python3.12/site-packages/pygments/lexers/elm.py
would reformat /Users/dingjunqing/Desktop/Lirix/.venv_ci312/lib/python3.12/site-packages/pygments/lexers/email.py
would reformat /Users/dingjunqing/Desktop/Lirix/.venv_ci312/lib/python3.12/site-packages/pygments/lexers/ecl.py
would reformat /Users/dingjunqing/Desktop/Lirix/.venv_ci312/lib/python3.12/site-packages/pygments/lexers/ezhil.py
would reformat /Users/dingjunqing/Desktop/Lirix/.venv_ci312/lib/python3.12/site-packages/pygments/lexers/data.py
would reformat /Users/dingjunqing/Desktop/Lirix/.venv_ci312/lib/python3.12/site-packages/pygments/lexers/esoteric.py
would reformat /Users/dingjunqing/Desktop/Lirix/.venv_ci312/lib/python3.12/site-packages/pygments/lexers/dylan.py
would reformat /Users/dingjunqing/Desktop/Lirix/.venv_ci312/lib/python3.12/site-packages/pygments/lexers/fift.py
would reformat /Users/dingjunqing/Desktop/Lirix/.venv_ci312/lib/python3.12/site-packages/pygments/lexers/fantom.py
would reformat /Users/dingjunqing/Desktop/Lirix/.venv_ci312/lib/python3.12/site-packages/pygments/lexers/floscript.py
would reformat /Users/dingjunqing/Desktop/Lirix/.venv_ci312/lib/python3.12/site-packages/pygments/lexers/elpi.py
would reformat /Users/dingjunqing/Desktop/Lirix/.venv_ci312/lib/python3.12/site-packages/pygments/lexers/css.py
would reformat /Users/dingjunqing/Desktop/Lirix/.venv_ci312/lib/python3.12/site-packages/pygments/lexers/forth.py
would reformat /Users/dingjunqing/Desktop/Lirix/.venv_ci312/lib/python3.12/site-packages/pygments/lexers/erlang.py
would reformat /Users/dingjunqing/Desktop/Lirix/.venv_ci312/lib/python3.12/site-packages/pygments/lexers/functional.py
would reformat /Users/dingjunqing/Desktop/Lirix/.venv_ci312/lib/python3.12/site-packages/pygments/lexers/configs.py
would reformat /Users/dingjunqing/Desktop/Lirix/.venv_ci312/lib/python3.12/site-packages/pygments/lexers/futhark.py
would reformat /Users/dingjunqing/Desktop/Lirix/.venv_ci312/lib/python3.12/site-packages/pygments/lexers/gcodelexer.py
would reformat /Users/dingjunqing/Desktop/Lirix/.venv_ci312/lib/python3.12/site-packages/pygments/lexers/fortran.py
would reformat /Users/dingjunqing/Desktop/Lirix/.venv_ci312/lib/python3.12/site-packages/pygments/lexers/foxpro.py
would reformat /Users/dingjunqing/Desktop/Lirix/.venv_ci312/lib/python3.12/site-packages/pygments/lexers/factor.py
would reformat /Users/dingjunqing/Desktop/Lirix/.venv_ci312/lib/python3.12/site-packages/pygments/lexers/func.py
would reformat /Users/dingjunqing/Desktop/Lirix/.venv_ci312/lib/python3.12/site-packages/pygments/lexers/gleam.py
would reformat /Users/dingjunqing/Desktop/Lirix/.venv_ci312/lib/python3.12/site-packages/pygments/lexers/freefem.py
would reformat /Users/dingjunqing/Desktop/Lirix/.venv_ci312/lib/python3.12/site-packages/pygments/lexers/go.py
would reformat /Users/dingjunqing/Desktop/Lirix/.venv_ci312/lib/python3.12/site-packages/pygments/lexers/graph.py
would reformat /Users/dingjunqing/Desktop/Lirix/.venv_ci312/lib/python3.12/site-packages/pygments/lexers/felix.py
would reformat /Users/dingjunqing/Desktop/Lirix/.venv_ci312/lib/python3.12/site-packages/pygments/lexers/hare.py
would reformat /Users/dingjunqing/Desktop/Lirix/.venv_ci312/lib/python3.12/site-packages/pygments/lexers/graphql.py
would reformat /Users/dingjunqing/Desktop/Lirix/.venv_ci312/lib/python3.12/site-packages/pygments/lexers/grammar_notation.py
would reformat /Users/dingjunqing/Desktop/Lirix/.venv_ci312/lib/python3.12/site-packages/pygments/lexers/dotnet.py
would reformat /Users/dingjunqing/Desktop/Lirix/.venv_ci312/lib/python3.12/site-packages/pygments/lexers/dsls.py
would reformat /Users/dingjunqing/Desktop/Lirix/.venv_ci312/lib/python3.12/site-packages/pygments/lexers/hexdump.py
would reformat /Users/dingjunqing/Desktop/Lirix/.venv_ci312/lib/python3.12/site-packages/pygments/lexers/gdscript.py
would reformat /Users/dingjunqing/Desktop/Lirix/.venv_ci312/lib/python3.12/site-packages/pygments/lexers/gsql.py
would reformat /Users/dingjunqing/Desktop/Lirix/.venv_ci312/lib/python3.12/site-packages/pygments/lexers/inferno.py
would reformat /Users/dingjunqing/Desktop/Lirix/.venv_ci312/lib/python3.12/site-packages/pygments/lexers/graphviz.py
would reformat /Users/dingjunqing/Desktop/Lirix/.venv_ci312/lib/python3.12/site-packages/pygments/lexers/iolang.py
would reformat /Users/dingjunqing/Desktop/Lirix/.venv_ci312/lib/python3.12/site-packages/pygments/lexers/j.py
would reformat /Users/dingjunqing/Desktop/Lirix/.venv_ci312/lib/python3.12/site-packages/pygments/lexers/installers.py
would reformat /Users/dingjunqing/Desktop/Lirix/.venv_ci312/lib/python3.12/site-packages/pygments/lexers/jmespath.py
would reformat /Users/dingjunqing/Desktop/Lirix/.venv_ci312/lib/python3.12/site-packages/pygments/lexers/jslt.py
would reformat /Users/dingjunqing/Desktop/Lirix/.venv_ci312/lib/python3.12/site-packages/pygments/lexers/idl.py
would reformat /Users/dingjunqing/Desktop/Lirix/.venv_ci312/lib/python3.12/site-packages/pygments/lexers/json5.py
would reformat /Users/dingjunqing/Desktop/Lirix/.venv_ci312/lib/python3.12/site-packages/pygments/lexers/jsx.py
would reformat /Users/dingjunqing/Desktop/Lirix/.venv_ci312/lib/python3.12/site-packages/pygments/lexers/html.py
would reformat /Users/dingjunqing/Desktop/Lirix/.venv_ci312/lib/python3.12/site-packages/pygments/lexers/hdl.py
would reformat /Users/dingjunqing/Desktop/Lirix/.venv_ci312/lib/python3.12/site-packages/pygments/lexers/jsonnet.py
would reformat /Users/dingjunqing/Desktop/Lirix/.venv_ci312/lib/python3.12/site-packages/pygments/lexers/kusto.py
would reformat /Users/dingjunqing/Desktop/Lirix/.venv_ci312/lib/python3.12/site-packages/pygments/lexers/igor.py
would reformat /Users/dingjunqing/Desktop/Lirix/.venv_ci312/lib/python3.12/site-packages/pygments/lexers/haskell.py
would reformat /Users/dingjunqing/Desktop/Lirix/.venv_ci312/lib/python3.12/site-packages/pygments/lexers/haxe.py
would reformat /Users/dingjunqing/Desktop/Lirix/.venv_ci312/lib/python3.12/site-packages/pygments/lexers/lilypond.py
would reformat /Users/dingjunqing/Desktop/Lirix/.venv_ci312/lib/python3.12/site-packages/pygments/lexers/julia.py
would reformat /Users/dingjunqing/Desktop/Lirix/.venv_ci312/lib/python3.12/site-packages/pygments/lexers/ldap.py
would reformat /Users/dingjunqing/Desktop/Lirix/.venv_ci312/lib/python3.12/site-packages/pygments/lexers/kuin.py
would reformat /Users/dingjunqing/Desktop/Lirix/.venv_ci312/lib/python3.12/site-packages/pygments/lexers/lean.py
would reformat /Users/dingjunqing/Desktop/Lirix/.venv_ci312/lib/python3.12/site-packages/pygments/lexers/math.py
would reformat /Users/dingjunqing/Desktop/Lirix/.venv_ci312/lib/python3.12/site-packages/pygments/lexers/make.py
would reformat /Users/dingjunqing/Desktop/Lirix/.venv_ci312/lib/python3.12/site-packages/pygments/lexers/maple.py
would reformat /Users/dingjunqing/Desktop/Lirix/.venv_ci312/lib/python3.12/site-packages/pygments/lexers/maxima.py
would reformat /Users/dingjunqing/Desktop/Lirix/.venv_ci312/lib/python3.12/site-packages/pygments/lexers/meson.py
would reformat /Users/dingjunqing/Desktop/Lirix/.venv_ci312/lib/python3.12/site-packages/pygments/lexers/graphics.py
would reformat /Users/dingjunqing/Desktop/Lirix/.venv_ci312/lib/python3.12/site-packages/pygments/lexers/mips.py
would reformat /Users/dingjunqing/Desktop/Lirix/.venv_ci312/lib/python3.12/site-packages/pygments/lexers/mime.py
would reformat /Users/dingjunqing/Desktop/Lirix/.venv_ci312/lib/python3.12/site-packages/pygments/lexers/minecraft.py
would reformat /Users/dingjunqing/Desktop/Lirix/.venv_ci312/lib/python3.12/site-packages/pygments/lexers/modeling.py
would reformat /Users/dingjunqing/Desktop/Lirix/.venv_ci312/lib/python3.12/site-packages/pygments/lexers/int_fiction.py
would reformat /Users/dingjunqing/Desktop/Lirix/.venv_ci312/lib/python3.12/site-packages/pygments/lexers/macaulay2.py
would reformat /Users/dingjunqing/Desktop/Lirix/.venv_ci312/lib/python3.12/site-packages/pygments/lexers/monte.py
would reformat /Users/dingjunqing/Desktop/Lirix/.venv_ci312/lib/python3.12/site-packages/pygments/lexers/mosel.py
would reformat /Users/dingjunqing/Desktop/Lirix/.venv_ci312/lib/python3.12/site-packages/pygments/lexers/javascript.py
would reformat /Users/dingjunqing/Desktop/Lirix/.venv_ci312/lib/python3.12/site-packages/pygments/lexers/ml.py
would reformat /Users/dingjunqing/Desktop/Lirix/.venv_ci312/lib/python3.12/site-packages/pygments/lexers/mojo.py
would reformat /Users/dingjunqing/Desktop/Lirix/.venv_ci312/lib/python3.12/site-packages/pygments/lexers/nit.py
would reformat /Users/dingjunqing/Desktop/Lirix/.venv_ci312/lib/python3.12/site-packages/pygments/lexers/numbair.py
would reformat /Users/dingjunqing/Desktop/Lirix/.venv_ci312/lib/python3.12/site-packages/pygments/lexers/oberon.py
would reformat /Users/dingjunqing/Desktop/Lirix/.venv_ci312/lib/python3.12/site-packages/pygments/lexers/nimrod.py
would reformat /Users/dingjunqing/Desktop/Lirix/.venv_ci312/lib/python3.12/site-packages/pygments/lexers/jvm.py
would reformat /Users/dingjunqing/Desktop/Lirix/.venv_ci312/lib/python3.12/site-packages/pygments/lexers/ooc.py
would reformat /Users/dingjunqing/Desktop/Lirix/.venv_ci312/lib/python3.12/site-packages/pygments/lexers/other.py
would reformat /Users/dingjunqing/Desktop/Lirix/.venv_ci312/lib/python3.12/site-packages/pygments/lexers/openscad.py
would reformat /Users/dingjunqing/Desktop/Lirix/.venv_ci312/lib/python3.12/site-packages/pygments/lexers/modula2.py
would reformat /Users/dingjunqing/Desktop/Lirix/.venv_ci312/lib/python3.12/site-packages/pygments/lexers/parasail.py
would reformat /Users/dingjunqing/Desktop/Lirix/.venv_ci312/lib/python3.12/site-packages/pygments/lexers/nix.py
would reformat /Users/dingjunqing/Desktop/Lirix/.venv_ci312/lib/python3.12/site-packages/pygments/lexers/pddl.py
would reformat /Users/dingjunqing/Desktop/Lirix/.venv_ci312/lib/python3.12/site-packages/pygments/lexers/pawn.py
would reformat /Users/dingjunqing/Desktop/Lirix/.venv_ci312/lib/python3.12/site-packages/pygments/lexers/markup.py
would reformat /Users/dingjunqing/Desktop/Lirix/.venv_ci312/lib/python3.12/site-packages/pygments/lexers/pointless.py
would reformat /Users/dingjunqing/Desktop/Lirix/.venv_ci312/lib/python3.12/site-packages/pygments/lexers/pony.py
would reformat /Users/dingjunqing/Desktop/Lirix/.venv_ci312/lib/python3.12/site-packages/pygments/lexers/php.py
would reformat /Users/dingjunqing/Desktop/Lirix/.venv_ci312/lib/python3.12/site-packages/pygments/lexers/procfile.py
would reformat /Users/dingjunqing/Desktop/Lirix/.venv_ci312/lib/python3.12/site-packages/pygments/lexers/objective.py
would reformat /Users/dingjunqing/Desktop/Lirix/.venv_ci312/lib/python3.12/site-packages/pygments/lexers/phix.py
would reformat /Users/dingjunqing/Desktop/Lirix/.venv_ci312/lib/python3.12/site-packages/pygments/lexers/promql.py
would reformat /Users/dingjunqing/Desktop/Lirix/.venv_ci312/lib/python3.12/site-packages/pygments/lexers/pascal.py
would reformat /Users/dingjunqing/Desktop/Lirix/.venv_ci312/lib/python3.12/site-packages/pygments/lexers/matlab.py
would reformat /Users/dingjunqing/Desktop/Lirix/.venv_ci312/lib/python3.12/site-packages/pygments/lexers/ptx.py
would reformat /Users/dingjunqing/Desktop/Lirix/.venv_ci312/lib/python3.12/site-packages/pygments/lexers/parsers.py
would reformat /Users/dingjunqing/Desktop/Lirix/.venv_ci312/lib/python3.12/site-packages/pygments/lexers/qlik.py
would reformat /Users/dingjunqing/Desktop/Lirix/.venv_ci312/lib/python3.12/site-packages/pygments/lexers/prolog.py
would reformat /Users/dingjunqing/Desktop/Lirix/.venv_ci312/lib/python3.12/site-packages/pygments/lexers/praat.py
would reformat /Users/dingjunqing/Desktop/Lirix/.venv_ci312/lib/python3.12/site-packages/pygments/lexers/qvt.py
would reformat /Users/dingjunqing/Desktop/Lirix/.venv_ci312/lib/python3.12/site-packages/pygments/lexers/q.py
would reformat /Users/dingjunqing/Desktop/Lirix/.venv_ci312/lib/python3.12/site-packages/pygments/lexers/r.py
would reformat /Users/dingjunqing/Desktop/Lirix/.venv_ci312/lib/python3.12/site-packages/pygments/lexers/rego.py
would reformat /Users/dingjunqing/Desktop/Lirix/.venv_ci312/lib/python3.12/site-packages/pygments/lexers/rell.py
would reformat /Users/dingjunqing/Desktop/Lirix/.venv_ci312/lib/python3.12/site-packages/pygments/lexers/rita.py
would reformat /Users/dingjunqing/Desktop/Lirix/.venv_ci312/lib/python3.12/site-packages/pygments/lexers/resource.py
would reformat /Users/dingjunqing/Desktop/Lirix/.venv_ci312/lib/python3.12/site-packages/pygments/lexers/rnc.py
would reformat /Users/dingjunqing/Desktop/Lirix/.venv_ci312/lib/python3.12/site-packages/pygments/lexers/ncl.py
would reformat /Users/dingjunqing/Desktop/Lirix/.venv_ci312/lib/python3.12/site-packages/pygments/lexers/roboconf.py
would reformat /Users/dingjunqing/Desktop/Lirix/.venv_ci312/lib/python3.12/site-packages/pygments/lexers/ride.py
would reformat /Users/dingjunqing/Desktop/Lirix/.venv_ci312/lib/python3.12/site-packages/pygments/lexers/perl.py
would reformat /Users/dingjunqing/Desktop/Lirix/.venv_ci312/lib/python3.12/site-packages/pygments/lexers/savi.py
would reformat /Users/dingjunqing/Desktop/Lirix/.venv_ci312/lib/python3.12/site-packages/pygments/lexers/rdf.py
would reformat /Users/dingjunqing/Desktop/Lirix/.venv_ci312/lib/python3.12/site-packages/pygments/lexers/rebol.py
would reformat /Users/dingjunqing/Desktop/Lirix/.venv_ci312/lib/python3.12/site-packages/pygments/lexers/sgf.py
would reformat /Users/dingjunqing/Desktop/Lirix/.venv_ci312/lib/python3.12/site-packages/pygments/lexers/prql.py
would reformat /Users/dingjunqing/Desktop/Lirix/.venv_ci312/lib/python3.12/site-packages/pygments/lexers/scdoc.py
would reformat /Users/dingjunqing/Desktop/Lirix/.venv_ci312/lib/python3.12/site-packages/pygments/lexers/sieve.py
would reformat /Users/dingjunqing/Desktop/Lirix/.venv_ci312/lib/python3.12/site-packages/pygments/lexers/rust.py
would reformat /Users/dingjunqing/Desktop/Lirix/.venv_ci312/lib/python3.12/site-packages/pygments/lexers/smithy.py
would reformat /Users/dingjunqing/Desktop/Lirix/.venv_ci312/lib/python3.12/site-packages/pygments/lexers/ruby.py
would reformat /Users/dingjunqing/Desktop/Lirix/.venv_ci312/lib/python3.12/site-packages/pygments/lexers/robotframework.py
would reformat /Users/dingjunqing/Desktop/Lirix/.venv_ci312/lib/python3.12/site-packages/pygments/lexers/smv.py
would reformat /Users/dingjunqing/Desktop/Lirix/.venv_ci312/lib/python3.12/site-packages/pygments/lexers/slash.py
would reformat /Users/dingjunqing/Desktop/Lirix/.venv_ci312/lib/python3.12/site-packages/pygments/lexers/sas.py
would reformat /Users/dingjunqing/Desktop/Lirix/.venv_ci312/lib/python3.12/site-packages/pygments/lexers/smalltalk.py
would reformat /Users/dingjunqing/Desktop/Lirix/.venv_ci312/lib/python3.12/site-packages/pygments/lexers/soong.py
would reformat /Users/dingjunqing/Desktop/Lirix/.venv_ci312/lib/python3.12/site-packages/pygments/lexers/solidity.py
would reformat /Users/dingjunqing/Desktop/Lirix/.venv_ci312/lib/python3.12/site-packages/pygments/lexers/sophia.py
would reformat /Users/dingjunqing/Desktop/Lirix/.venv_ci312/lib/python3.12/site-packages/pygments/lexers/srcinfo.py
would reformat /Users/dingjunqing/Desktop/Lirix/.venv_ci312/lib/python3.12/site-packages/pygments/lexers/spice.py
would reformat /Users/dingjunqing/Desktop/Lirix/.venv_ci312/lib/python3.12/site-packages/pygments/lexers/special.py
would reformat /Users/dingjunqing/Desktop/Lirix/.venv_ci312/lib/python3.12/site-packages/pygments/lexers/snobol.py
would reformat /Users/dingjunqing/Desktop/Lirix/.venv_ci312/lib/python3.12/site-packages/pygments/lexers/supercollider.py
would reformat /Users/dingjunqing/Desktop/Lirix/.venv_ci312/lib/python3.12/site-packages/pygments/lexers/tal.py
would reformat /Users/dingjunqing/Desktop/Lirix/.venv_ci312/lib/python3.12/site-packages/pygments/lexers/tablegen.py
would reformat /Users/dingjunqing/Desktop/Lirix/.venv_ci312/lib/python3.12/site-packages/pygments/lexers/stata.py
would reformat /Users/dingjunqing/Desktop/Lirix/.venv_ci312/lib/python3.12/site-packages/pygments/lexers/teal.py
would reformat /Users/dingjunqing/Desktop/Lirix/.venv_ci312/lib/python3.12/site-packages/pygments/lexers/teraterm.py
would reformat /Users/dingjunqing/Desktop/Lirix/.venv_ci312/lib/python3.12/site-packages/pygments/lexers/tact.py
would reformat /Users/dingjunqing/Desktop/Lirix/.venv_ci312/lib/python3.12/site-packages/pygments/lexers/text.py
would reformat /Users/dingjunqing/Desktop/Lirix/.venv_ci312/lib/python3.12/site-packages/pygments/lexers/tcl.py
would reformat /Users/dingjunqing/Desktop/Lirix/.venv_ci312/lib/python3.12/site-packages/pygments/lexers/lisp.py
would reformat /Users/dingjunqing/Desktop/Lirix/.venv_ci312/lib/python3.12/site-packages/pygments/lexers/textedit.py
would reformat /Users/dingjunqing/Desktop/Lirix/.venv_ci312/lib/python3.12/site-packages/pygments/lexers/testing.py
would reformat /Users/dingjunqing/Desktop/Lirix/.venv_ci312/lib/python3.12/site-packages/pygments/lexers/tlb.py
would reformat /Users/dingjunqing/Desktop/Lirix/.venv_ci312/lib/python3.12/site-packages/pygments/lexers/tls.py
would reformat /Users/dingjunqing/Desktop/Lirix/.venv_ci312/lib/python3.12/site-packages/pygments/lexers/trafficscript.py
would reformat /Users/dingjunqing/Desktop/Lirix/.venv_ci312/lib/python3.12/site-packages/pygments/lexers/textfmts.py
would reformat /Users/dingjunqing/Desktop/Lirix/.venv_ci312/lib/python3.12/site-packages/pygments/lexers/python.py
would reformat /Users/dingjunqing/Desktop/Lirix/.venv_ci312/lib/python3.12/site-packages/pygments/lexers/thingsdb.py
would reformat /Users/dingjunqing/Desktop/Lirix/.venv_ci312/lib/python3.12/site-packages/pygments/lexers/typoscript.py
would reformat /Users/dingjunqing/Desktop/Lirix/.venv_ci312/lib/python3.12/site-packages/pygments/lexers/tnt.py
would reformat /Users/dingjunqing/Desktop/Lirix/.venv_ci312/lib/python3.12/site-packages/pygments/lexers/shell.py
would reformat /Users/dingjunqing/Desktop/Lirix/.venv_ci312/lib/python3.12/site-packages/pygments/lexers/theorem.py
would reformat /Users/dingjunqing/Desktop/Lirix/.venv_ci312/lib/python3.12/site-packages/pygments/lexers/ul4.py
would reformat /Users/dingjunqing/Desktop/Lirix/.venv_ci312/lib/python3.12/site-packages/pygments/lexers/urbi.py
would reformat /Users/dingjunqing/Desktop/Lirix/.venv_ci312/lib/python3.12/site-packages/pygments/lexers/usd.py
would reformat /Users/dingjunqing/Desktop/Lirix/.venv_ci312/lib/python3.12/site-packages/pygments/lexers/typst.py
would reformat /Users/dingjunqing/Desktop/Lirix/.venv_ci312/lib/python3.12/site-packages/pygments/lexers/web.py
would reformat /Users/dingjunqing/Desktop/Lirix/.venv_ci312/lib/python3.12/site-packages/pygments/lexers/verifpal.py
would reformat /Users/dingjunqing/Desktop/Lirix/.venv_ci312/lib/python3.12/site-packages/pygments/lexers/verification.py
would reformat /Users/dingjunqing/Desktop/Lirix/.venv_ci312/lib/python3.12/site-packages/pygments/lexers/varnish.py
would reformat /Users/dingjunqing/Desktop/Lirix/.venv_ci312/lib/python3.12/site-packages/pygments/lexers/webassembly.py
would reformat /Users/dingjunqing/Desktop/Lirix/.venv_ci312/lib/python3.12/site-packages/pygments/lexers/vip.py
would reformat /Users/dingjunqing/Desktop/Lirix/.venv_ci312/lib/python3.12/site-packages/pygments/lexers/sql.py
would reformat /Users/dingjunqing/Desktop/Lirix/.venv_ci312/lib/python3.12/site-packages/pygments/lexers/wgsl.py
would reformat /Users/dingjunqing/Desktop/Lirix/.venv_ci312/lib/python3.12/site-packages/pygments/lexers/wren.py
would reformat /Users/dingjunqing/Desktop/Lirix/.venv_ci312/lib/python3.12/site-packages/pygments/lexers/whiley.py
would reformat /Users/dingjunqing/Desktop/Lirix/.venv_ci312/lib/python3.12/site-packages/pygments/lexers/xorg.py
would reformat /Users/dingjunqing/Desktop/Lirix/.venv_ci312/lib/python3.12/site-packages/pygments/lexers/x10.py
would reformat /Users/dingjunqing/Desktop/Lirix/.venv_ci312/lib/python3.12/site-packages/pygments/lexers/unicon.py
would reformat /Users/dingjunqing/Desktop/Lirix/.venv_ci312/lib/python3.12/site-packages/pygments/lexers/wowtoc.py
would reformat /Users/dingjunqing/Desktop/Lirix/.venv_ci312/lib/python3.12/site-packages/pygments/plugin.py
would reformat /Users/dingjunqing/Desktop/Lirix/.venv_ci312/lib/python3.12/site-packages/pygments/modeline.py
would reformat /Users/dingjunqing/Desktop/Lirix/.venv_ci312/lib/python3.12/site-packages/pygments/scanner.py
would reformat /Users/dingjunqing/Desktop/Lirix/.venv_ci312/lib/python3.12/site-packages/pygments/lexers/yang.py
would reformat /Users/dingjunqing/Desktop/Lirix/.venv_ci312/lib/python3.12/site-packages/pygments/lexers/yara.py
would reformat /Users/dingjunqing/Desktop/Lirix/.venv_ci312/lib/python3.12/site-packages/pygments/lexers/zig.py
would reformat /Users/dingjunqing/Desktop/Lirix/.venv_ci312/lib/python3.12/site-packages/pygments/styles/__init__.py
would reformat /Users/dingjunqing/Desktop/Lirix/.venv_ci312/lib/python3.12/site-packages/pygments/regexopt.py
would reformat /Users/dingjunqing/Desktop/Lirix/.venv_ci312/lib/python3.12/site-packages/pygments/styles/abap.py
would reformat /Users/dingjunqing/Desktop/Lirix/.venv_ci312/lib/python3.12/site-packages/pygments/lexers/vyper.py
would reformat /Users/dingjunqing/Desktop/Lirix/.venv_ci312/lib/python3.12/site-packages/pygments/styles/algol.py
would reformat /Users/dingjunqing/Desktop/Lirix/.venv_ci312/lib/python3.12/site-packages/pygments/styles/algol_nu.py
would reformat /Users/dingjunqing/Desktop/Lirix/.venv_ci312/lib/python3.12/site-packages/pygments/lexers/webidl.py
would reformat /Users/dingjunqing/Desktop/Lirix/.venv_ci312/lib/python3.12/site-packages/pygments/styles/arduino.py
would reformat /Users/dingjunqing/Desktop/Lirix/.venv_ci312/lib/python3.12/site-packages/pygments/styles/borland.py
would reformat /Users/dingjunqing/Desktop/Lirix/.venv_ci312/lib/python3.12/site-packages/pygments/styles/autumn.py
would reformat /Users/dingjunqing/Desktop/Lirix/.venv_ci312/lib/python3.12/site-packages/pygments/styles/_mapping.py
would reformat /Users/dingjunqing/Desktop/Lirix/.venv_ci312/lib/python3.12/site-packages/pygments/styles/bw.py
would reformat /Users/dingjunqing/Desktop/Lirix/.venv_ci312/lib/python3.12/site-packages/pygments/styles/emacs.py
would reformat /Users/dingjunqing/Desktop/Lirix/.venv_ci312/lib/python3.12/site-packages/pygments/styles/colorful.py
would reformat /Users/dingjunqing/Desktop/Lirix/.venv_ci312/lib/python3.12/site-packages/pygments/styles/default.py
would reformat /Users/dingjunqing/Desktop/Lirix/.venv_ci312/lib/python3.12/site-packages/pygments/style.py
would reformat /Users/dingjunqing/Desktop/Lirix/.venv_ci312/lib/python3.12/site-packages/pygments/styles/coffee.py
would reformat /Users/dingjunqing/Desktop/Lirix/.venv_ci312/lib/python3.12/site-packages/pygments/styles/friendly.py
would reformat /Users/dingjunqing/Desktop/Lirix/.venv_ci312/lib/python3.12/site-packages/pygments/styles/fruity.py
would reformat /Users/dingjunqing/Desktop/Lirix/.venv_ci312/lib/python3.12/site-packages/pygments/styles/friendly_grayscale.py
would reformat /Users/dingjunqing/Desktop/Lirix/.venv_ci312/lib/python3.12/site-packages/pygments/styles/igor.py
would reformat /Users/dingjunqing/Desktop/Lirix/.venv_ci312/lib/python3.12/site-packages/pygments/styles/dracula.py
would reformat /Users/dingjunqing/Desktop/Lirix/.venv_ci312/lib/python3.12/site-packages/pygments/styles/lilypond.py
would reformat /Users/dingjunqing/Desktop/Lirix/.venv_ci312/lib/python3.12/site-packages/pygments/styles/inkpot.py
would reformat /Users/dingjunqing/Desktop/Lirix/.venv_ci312/lib/python3.12/site-packages/pygments/styles/lovelace.py
would reformat /Users/dingjunqing/Desktop/Lirix/.venv_ci312/lib/python3.12/site-packages/pygments/styles/gruvbox.py
would reformat /Users/dingjunqing/Desktop/Lirix/.venv_ci312/lib/python3.12/site-packages/pygments/styles/manni.py
would reformat /Users/dingjunqing/Desktop/Lirix/.venv_ci312/lib/python3.12/site-packages/pygments/styles/lightbulb.py
would reformat /Users/dingjunqing/Desktop/Lirix/.venv_ci312/lib/python3.12/site-packages/pygments/styles/material.py
would reformat /Users/dingjunqing/Desktop/Lirix/.venv_ci312/lib/python3.12/site-packages/pygments/styles/native.py
would reformat /Users/dingjunqing/Desktop/Lirix/.venv_ci312/lib/python3.12/site-packages/pygments/styles/monokai.py
would reformat /Users/dingjunqing/Desktop/Lirix/.venv_ci312/lib/python3.12/site-packages/pygments/styles/onedark.py
would reformat /Users/dingjunqing/Desktop/Lirix/.venv_ci312/lib/python3.12/site-packages/pygments/sphinxext.py
would reformat /Users/dingjunqing/Desktop/Lirix/.venv_ci312/lib/python3.12/site-packages/pygments/styles/murphy.py
would reformat /Users/dingjunqing/Desktop/Lirix/.venv_ci312/lib/python3.12/site-packages/pygments/styles/perldoc.py
would reformat /Users/dingjunqing/Desktop/Lirix/.venv_ci312/lib/python3.12/site-packages/pygments/styles/gh_dark.py
would reformat /Users/dingjunqing/Desktop/Lirix/.venv_ci312/lib/python3.12/site-packages/pygments/styles/sas.py
would reformat /Users/dingjunqing/Desktop/Lirix/.venv_ci312/lib/python3.12/site-packages/pygments/styles/rainbow_dash.py
would reformat /Users/dingjunqing/Desktop/Lirix/.venv_ci312/lib/python3.12/site-packages/pygments/styles/pastie.py
would reformat /Users/dingjunqing/Desktop/Lirix/.venv_ci312/lib/python3.12/site-packages/pygments/styles/rrt.py
would reformat /Users/dingjunqing/Desktop/Lirix/.venv_ci312/lib/python3.12/site-packages/pygments/styles/staroffice.py
would reformat /Users/dingjunqing/Desktop/Lirix/.venv_ci312/lib/python3.12/site-packages/pygments/styles/stata_light.py
would reformat /Users/dingjunqing/Desktop/Lirix/.venv_ci312/lib/python3.12/site-packages/pygments/styles/stata_dark.py
would reformat /Users/dingjunqing/Desktop/Lirix/.venv_ci312/lib/python3.12/site-packages/pygments/styles/nord.py
would reformat /Users/dingjunqing/Desktop/Lirix/.venv_ci312/lib/python3.12/site-packages/pygments/styles/paraiso_light.py
would reformat /Users/dingjunqing/Desktop/Lirix/.venv_ci312/lib/python3.12/site-packages/pygments/styles/vs.py
would reformat /Users/dingjunqing/Desktop/Lirix/.venv_ci312/lib/python3.12/site-packages/pygments/styles/xcode.py
would reformat /Users/dingjunqing/Desktop/Lirix/.venv_ci312/lib/python3.12/site-packages/pygments/styles/paraiso_dark.py
would reformat /Users/dingjunqing/Desktop/Lirix/.venv_ci312/lib/python3.12/site-packages/pygments/styles/vim.py
would reformat /Users/dingjunqing/Desktop/Lirix/.venv_ci312/lib/python3.12/site-packages/pygments/lexers/scripting.py
would reformat /Users/dingjunqing/Desktop/Lirix/.venv_ci312/lib/python3.12/site-packages/pygments/styles/trac.py
would reformat /Users/dingjunqing/Desktop/Lirix/.venv_ci312/lib/python3.12/site-packages/pygments/styles/zenburn.py
would reformat /Users/dingjunqing/Desktop/Lirix/.venv_ci312/lib/python3.12/site-packages/pyproject_api/_version.py
would reformat /Users/dingjunqing/Desktop/Lirix/.venv_ci312/lib/python3.12/site-packages/pygments/styles/tango.py
would reformat /Users/dingjunqing/Desktop/Lirix/.venv_ci312/lib/python3.12/site-packages/pygments/styles/solarized.py
would reformat /Users/dingjunqing/Desktop/Lirix/.venv_ci312/lib/python3.12/site-packages/pyproject_api/_via_fresh_subprocess.py
would reformat /Users/dingjunqing/Desktop/Lirix/.venv_ci312/lib/python3.12/site-packages/pyproject_api/_backend.py
would reformat /Users/dingjunqing/Desktop/Lirix/.venv_ci312/lib/python3.12/site-packages/pyproject_hooks/_in_process/__init__.py
would reformat /Users/dingjunqing/Desktop/Lirix/.venv_ci312/lib/python3.12/site-packages/pytest_cov/__init__.py
would reformat /Users/dingjunqing/Desktop/Lirix/.venv_ci312/lib/python3.12/site-packages/pygments/unistring.py
would reformat /Users/dingjunqing/Desktop/Lirix/.venv_ci312/lib/python3.12/site-packages/pygments/util.py
would reformat /Users/dingjunqing/Desktop/Lirix/.venv_ci312/lib/python3.12/site-packages/pyproject_hooks/_impl.py
would reformat /Users/dingjunqing/Desktop/Lirix/.venv_ci312/lib/python3.12/site-packages/pyproject_hooks/_in_process/_in_process.py
would reformat /Users/dingjunqing/Desktop/Lirix/.venv_ci312/lib/python3.12/site-packages/pygments/token.py
would reformat /Users/dingjunqing/Desktop/Lirix/.venv_ci312/lib/python3.12/site-packages/python_discovery/_cached_py_info.py
would reformat /Users/dingjunqing/Desktop/Lirix/.venv_ci312/lib/python3.12/site-packages/pygments/lexers/templates.py
would reformat /Users/dingjunqing/Desktop/Lirix/.venv_ci312/lib/python3.12/site-packages/pyproject_api/_frontend.py
would reformat /Users/dingjunqing/Desktop/Lirix/.venv_ci312/lib/python3.12/site-packages/python_discovery/_windows/_propose.py
would reformat /Users/dingjunqing/Desktop/Lirix/.venv_ci312/lib/python3.12/site-packages/pytest_cov/engine.py
would reformat /Users/dingjunqing/Desktop/Lirix/.venv_ci312/lib/python3.12/site-packages/pygments/lexers/webmisc.py
would reformat /Users/dingjunqing/Desktop/Lirix/.venv_ci312/lib/python3.12/site-packages/python_discovery/_py_spec.py
would reformat /Users/dingjunqing/Desktop/Lirix/.venv_ci312/lib/python3.12/site-packages/pytest_cov/plugin.py
would reformat /Users/dingjunqing/Desktop/Lirix/.venv_ci312/lib/python3.12/site-packages/python_discovery/_windows/_pep514.py
would reformat /Users/dingjunqing/Desktop/Lirix/.venv_ci312/lib/python3.12/site-packages/readme_renderer/clean.py
would reformat /Users/dingjunqing/Desktop/Lirix/.venv_ci312/lib/python3.12/site-packages/pytest_asyncio/plugin.py
would reformat /Users/dingjunqing/Desktop/Lirix/.venv_ci312/lib/python3.12/site-packages/regex/__init__.py
would reformat /Users/dingjunqing/Desktop/Lirix/.venv_ci312/lib/python3.12/site-packages/readme_renderer/markdown.py
would reformat /Users/dingjunqing/Desktop/Lirix/.venv_ci312/lib/python3.12/site-packages/readme_renderer/rst.py
would reformat /Users/dingjunqing/Desktop/Lirix/.venv_ci312/lib/python3.12/site-packages/pyunormalize/normalization.py
would reformat /Users/dingjunqing/Desktop/Lirix/.venv_ci312/lib/python3.12/site-packages/python_discovery/_discovery.py
would reformat /Users/dingjunqing/Desktop/Lirix/.venv_ci312/lib/python3.12/site-packages/readme_renderer/__main__.py
would reformat /Users/dingjunqing/Desktop/Lirix/.venv_ci312/lib/python3.12/site-packages/python_discovery/_specifier.py
would reformat /Users/dingjunqing/Desktop/Lirix/.venv_ci312/lib/python3.12/site-packages/requests/__init__.py
would reformat /Users/dingjunqing/Desktop/Lirix/.venv_ci312/lib/python3.12/site-packages/requests/cookies.py
would reformat /Users/dingjunqing/Desktop/Lirix/.venv_ci312/lib/python3.12/site-packages/regex/_main.py
would reformat /Users/dingjunqing/Desktop/Lirix/.venv_ci312/lib/python3.12/site-packages/requests/auth.py
would reformat /Users/dingjunqing/Desktop/Lirix/.venv_ci312/lib/python3.12/site-packages/python_discovery/_py_info.py
would reformat /Users/dingjunqing/Desktop/Lirix/.venv_ci312/lib/python3.12/site-packages/requests-stubs/__init__.pyi
would reformat /Users/dingjunqing/Desktop/Lirix/.venv_ci312/lib/python3.12/site-packages/requests-stubs/compat.pyi
would reformat /Users/dingjunqing/Desktop/Lirix/.venv_ci312/lib/python3.12/site-packages/requests/adapters.py
would reformat /Users/dingjunqing/Desktop/Lirix/.venv_ci312/lib/python3.12/site-packages/requests-stubs/exceptions.pyi
would reformat /Users/dingjunqing/Desktop/Lirix/.venv_ci312/lib/python3.12/site-packages/requests-stubs/adapters.pyi
would reformat /Users/dingjunqing/Desktop/Lirix/.venv_ci312/lib/python3.12/site-packages/requests-stubs/structures.pyi
would reformat /Users/dingjunqing/Desktop/Lirix/.venv_ci312/lib/python3.12/site-packages/requests-stubs/utils.pyi
would reformat /Users/dingjunqing/Desktop/Lirix/.venv_ci312/lib/python3.12/site-packages/requests_toolbelt/__init__.py
would reformat /Users/dingjunqing/Desktop/Lirix/.venv_ci312/lib/python3.12/site-packages/requests/sessions.py
would reformat /Users/dingjunqing/Desktop/Lirix/.venv_ci312/lib/python3.12/site-packages/requests_toolbelt/adapters/__init__.py
would reformat /Users/dingjunqing/Desktop/Lirix/.venv_ci312/lib/python3.12/site-packages/requests-stubs/models.pyi
would reformat /Users/dingjunqing/Desktop/Lirix/.venv_ci312/lib/python3.12/site-packages/requests_toolbelt/adapters/fingerprint.py
would reformat /Users/dingjunqing/Desktop/Lirix/.venv_ci312/lib/python3.12/site-packages/requests_toolbelt/_compat.py
would reformat /Users/dingjunqing/Desktop/Lirix/.venv_ci312/lib/python3.12/site-packages/requests_toolbelt/adapters/source.py
would reformat /Users/dingjunqing/Desktop/Lirix/.venv_ci312/lib/python3.12/site-packages/requests_toolbelt/adapters/ssl.py
would reformat /Users/dingjunqing/Desktop/Lirix/.venv_ci312/lib/python3.12/site-packages/requests-stubs/sessions.pyi
would reformat /Users/dingjunqing/Desktop/Lirix/.venv_ci312/lib/python3.12/site-packages/requests-stubs/api.pyi
would reformat /Users/dingjunqing/Desktop/Lirix/.venv_ci312/lib/python3.12/site-packages/requests_toolbelt/auth/_digest_auth_compat.py
would reformat /Users/dingjunqing/Desktop/Lirix/.venv_ci312/lib/python3.12/site-packages/requests_toolbelt/adapters/appengine.py
would reformat /Users/dingjunqing/Desktop/Lirix/.venv_ci312/lib/python3.12/site-packages/requests_toolbelt/auth/handler.py
would reformat /Users/dingjunqing/Desktop/Lirix/.venv_ci312/lib/python3.12/site-packages/requests_toolbelt/cookies/forgetful.py
would reformat /Users/dingjunqing/Desktop/Lirix/.venv_ci312/lib/python3.12/site-packages/requests_toolbelt/adapters/x509.py
would reformat /Users/dingjunqing/Desktop/Lirix/.venv_ci312/lib/python3.12/site-packages/requests_toolbelt/downloadutils/stream.py
would reformat /Users/dingjunqing/Desktop/Lirix/.venv_ci312/lib/python3.12/site-packages/requests_toolbelt/exceptions.py
would reformat /Users/dingjunqing/Desktop/Lirix/.venv_ci312/lib/python3.12/site-packages/requests/models.py
would reformat /Users/dingjunqing/Desktop/Lirix/.venv_ci312/lib/python3.12/site-packages/requests_toolbelt/multipart/__init__.py
would reformat /Users/dingjunqing/Desktop/Lirix/.venv_ci312/lib/python3.12/site-packages/requests_toolbelt/auth/http_proxy_digest.py
would reformat /Users/dingjunqing/Desktop/Lirix/.venv_ci312/lib/python3.12/site-packages/requests_toolbelt/adapters/socket_options.py
would reformat /Users/dingjunqing/Desktop/Lirix/.venv_ci312/lib/python3.12/site-packages/requests_toolbelt/auth/guess.py
would reformat /Users/dingjunqing/Desktop/Lirix/.venv_ci312/lib/python3.12/site-packages/requests_toolbelt/threaded/__init__.py
would reformat /Users/dingjunqing/Desktop/Lirix/.venv_ci312/lib/python3.12/site-packages/requests_toolbelt/downloadutils/tee.py
would reformat /Users/dingjunqing/Desktop/Lirix/.venv_ci312/lib/python3.12/site-packages/requests_toolbelt/streaming_iterator.py
would reformat /Users/dingjunqing/Desktop/Lirix/.venv_ci312/lib/python3.12/site-packages/requests_toolbelt/threaded/thread.py
would reformat /Users/dingjunqing/Desktop/Lirix/.venv_ci312/lib/python3.12/site-packages/requests_toolbelt/multipart/decoder.py
would reformat /Users/dingjunqing/Desktop/Lirix/.venv_ci312/lib/python3.12/site-packages/requests_toolbelt/threaded/pool.py
would reformat /Users/dingjunqing/Desktop/Lirix/.venv_ci312/lib/python3.12/site-packages/requests/utils.py
would reformat /Users/dingjunqing/Desktop/Lirix/.venv_ci312/lib/python3.12/site-packages/requests_toolbelt/utils/formdata.py
would reformat /Users/dingjunqing/Desktop/Lirix/.venv_ci312/lib/python3.12/site-packages/requests_toolbelt/utils/user_agent.py
would reformat /Users/dingjunqing/Desktop/Lirix/.venv_ci312/lib/python3.12/site-packages/requests_toolbelt/sessions.py
would reformat /Users/dingjunqing/Desktop/Lirix/.venv_ci312/lib/python3.12/site-packages/requests_toolbelt/utils/dump.py
would reformat /Users/dingjunqing/Desktop/Lirix/.venv_ci312/lib/python3.12/site-packages/rfc3986/exceptions.py
would reformat /Users/dingjunqing/Desktop/Lirix/.venv_ci312/lib/python3.12/site-packages/requests_toolbelt/utils/deprecated.py
would reformat /Users/dingjunqing/Desktop/Lirix/.venv_ci312/lib/python3.12/site-packages/rfc3986/iri.py
would reformat /Users/dingjunqing/Desktop/Lirix/.venv_ci312/lib/python3.12/site-packages/rfc3986/misc.py
would reformat /Users/dingjunqing/Desktop/Lirix/.venv_ci312/lib/python3.12/site-packages/rfc3986/_mixin.py
would reformat /Users/dingjunqing/Desktop/Lirix/.venv_ci312/lib/python3.12/site-packages/requests_toolbelt/multipart/encoder.py
would reformat /Users/dingjunqing/Desktop/Lirix/.venv_ci312/lib/python3.12/site-packages/rfc3986/builder.py
would reformat /Users/dingjunqing/Desktop/Lirix/.venv_ci312/lib/python3.12/site-packages/rfc3986/uri.py
would reformat /Users/dingjunqing/Desktop/Lirix/.venv_ci312/lib/python3.12/site-packages/rich/_emoji_replace.py
would reformat /Users/dingjunqing/Desktop/Lirix/.venv_ci312/lib/python3.12/site-packages/rfc3986/normalizers.py
would reformat /Users/dingjunqing/Desktop/Lirix/.venv_ci312/lib/python3.12/site-packages/rfc3986/abnf_regexp.py
would reformat /Users/dingjunqing/Desktop/Lirix/.venv_ci312/lib/python3.12/site-packages/rich/_log_render.py
would reformat /Users/dingjunqing/Desktop/Lirix/.venv_ci312/lib/python3.12/site-packages/rich/_ratio.py
would reformat /Users/dingjunqing/Desktop/Lirix/.venv_ci312/lib/python3.12/site-packages/rich/_unicode_data/__init__.py
would reformat /Users/dingjunqing/Desktop/Lirix/.venv_ci312/lib/python3.12/site-packages/rfc3986/validators.py
would reformat /Users/dingjunqing/Desktop/Lirix/.venv_ci312/lib/python3.12/site-packages/rfc3986/parseresult.py
would reformat /Users/dingjunqing/Desktop/Lirix/.venv_ci312/lib/python3.12/site-packages/rich/__main__.py
would reformat /Users/dingjunqing/Desktop/Lirix/.venv_ci312/lib/python3.12/site-packages/rich/_inspect.py
would reformat /Users/dingjunqing/Desktop/Lirix/.venv_ci312/lib/python3.12/site-packages/rich/bar.py
would reformat /Users/dingjunqing/Desktop/Lirix/.venv_ci312/lib/python3.12/site-packages/rich/ansi.py
would reformat /Users/dingjunqing/Desktop/Lirix/.venv_ci312/lib/python3.12/site-packages/rich/box.py
would reformat /Users/dingjunqing/Desktop/Lirix/.venv_ci312/lib/python3.12/site-packages/rich/cells.py
would reformat /Users/dingjunqing/Desktop/Lirix/.venv_ci312/lib/python3.12/site-packages/rich/constrain.py
would reformat /Users/dingjunqing/Desktop/Lirix/.venv_ci312/lib/python3.12/site-packages/rich/columns.py
would reformat /Users/dingjunqing/Desktop/Lirix/.venv_ci312/lib/python3.12/site-packages/rich/align.py
would reformat /Users/dingjunqing/Desktop/Lirix/.venv_ci312/lib/python3.12/site-packages/rich/containers.py
would reformat /Users/dingjunqing/Desktop/Lirix/.venv_ci312/lib/python3.12/site-packages/rich/_win32_console.py
would reformat /Users/dingjunqing/Desktop/Lirix/.venv_ci312/lib/python3.12/site-packages/rich/control.py
would reformat /Users/dingjunqing/Desktop/Lirix/.venv_ci312/lib/python3.12/site-packages/rich/file_proxy.py
would reformat /Users/dingjunqing/Desktop/Lirix/.venv_ci312/lib/python3.12/site-packages/rich/emoji.py
would reformat /Users/dingjunqing/Desktop/Lirix/.venv_ci312/lib/python3.12/site-packages/rich/live_render.py
would reformat /Users/dingjunqing/Desktop/Lirix/.venv_ci312/lib/python3.12/site-packages/rich/highlighter.py
would reformat /Users/dingjunqing/Desktop/Lirix/.venv_ci312/lib/python3.12/site-packages/rich/color.py
would reformat /Users/dingjunqing/Desktop/Lirix/.venv_ci312/lib/python3.12/site-packages/rich/layout.py
would reformat /Users/dingjunqing/Desktop/Lirix/.venv_ci312/lib/python3.12/site-packages/rich/measure.py
would reformat /Users/dingjunqing/Desktop/Lirix/.venv_ci312/lib/python3.12/site-packages/rich/logging.py
would reformat /Users/dingjunqing/Desktop/Lirix/.venv_ci312/lib/python3.12/site-packages/rich/palette.py
would reformat /Users/dingjunqing/Desktop/Lirix/.venv_ci312/lib/python3.12/site-packages/rich/markup.py
would reformat /Users/dingjunqing/Desktop/Lirix/.venv_ci312/lib/python3.12/site-packages/rich/live.py
would reformat /Users/dingjunqing/Desktop/Lirix/.venv_ci312/lib/python3.12/site-packages/rich/padding.py
would reformat /Users/dingjunqing/Desktop/Lirix/.venv_ci312/lib/python3.12/site-packages/rich/progress_bar.py
would reformat /Users/dingjunqing/Desktop/Lirix/.venv_ci312/lib/python3.12/site-packages/rich/panel.py
would reformat /Users/dingjunqing/Desktop/Lirix/.venv_ci312/lib/python3.12/site-packages/rich/prompt.py
would reformat /Users/dingjunqing/Desktop/Lirix/.venv_ci312/lib/python3.12/site-packages/rich/rule.py
would reformat /Users/dingjunqing/Desktop/Lirix/.venv_ci312/lib/python3.12/site-packages/rich/repr.py
would reformat /Users/dingjunqing/Desktop/Lirix/.venv_ci312/lib/python3.12/site-packages/rich/screen.py
would reformat /Users/dingjunqing/Desktop/Lirix/.venv_ci312/lib/python3.12/site-packages/rich/markdown.py
would reformat /Users/dingjunqing/Desktop/Lirix/.venv_ci312/lib/python3.12/site-packages/rich/status.py
would reformat /Users/dingjunqing/Desktop/Lirix/.venv_ci312/lib/python3.12/site-packages/rich/styled.py
would reformat /Users/dingjunqing/Desktop/Lirix/.venv_ci312/lib/python3.12/site-packages/rich/spinner.py
would reformat /Users/dingjunqing/Desktop/Lirix/.venv_ci312/lib/python3.12/site-packages/rich/pretty.py
would reformat /Users/dingjunqing/Desktop/Lirix/.venv_ci312/lib/python3.12/site-packages/rich/segment.py
would reformat /Users/dingjunqing/Desktop/Lirix/.venv_ci312/lib/python3.12/site-packages/rich/theme.py
would reformat /Users/dingjunqing/Desktop/Lirix/.venv_ci312/lib/python3.12/site-packages/rich/style.py
would reformat /Users/dingjunqing/Desktop/Lirix/.venv_ci312/lib/python3.12/site-packages/rich/syntax.py
would reformat /Users/dingjunqing/Desktop/Lirix/.venv_ci312/lib/python3.12/site-packages/rich/tree.py
would reformat /Users/dingjunqing/Desktop/Lirix/.venv_ci312/lib/python3.12/site-packages/rlp/exceptions.py
would reformat /Users/dingjunqing/Desktop/Lirix/.venv_ci312/lib/python3.12/site-packages/rich/table.py
would reformat /Users/dingjunqing/Desktop/Lirix/.venv_ci312/lib/python3.12/site-packages/rich/progress.py
would reformat /Users/dingjunqing/Desktop/Lirix/.venv_ci312/lib/python3.12/site-packages/rlp/sedes/raw.py
would reformat /Users/dingjunqing/Desktop/Lirix/.venv_ci312/lib/python3.12/site-packages/rlp/sedes/lists.py
would reformat /Users/dingjunqing/Desktop/Lirix/.venv_ci312/lib/python3.12/site-packages/rich/console.py
would reformat /Users/dingjunqing/Desktop/Lirix/.venv_ci312/lib/python3.12/site-packages/rlp/sedes/text.py
would reformat /Users/dingjunqing/Desktop/Lirix/.venv_ci312/lib/python3.12/site-packages/rich/traceback.py
would reformat /Users/dingjunqing/Desktop/Lirix/.venv_ci312/lib/python3.12/site-packages/rlp/sedes/big_endian_int.py
would reformat /Users/dingjunqing/Desktop/Lirix/.venv_ci312/lib/python3.12/site-packages/ruff/_find_ruff.py
would reformat /Users/dingjunqing/Desktop/Lirix/.venv_ci312/lib/python3.12/site-packages/toolz/compatibility.py
would reformat /Users/dingjunqing/Desktop/Lirix/.venv_ci312/lib/python3.12/site-packages/tlz/_build_tlz.py
would reformat /Users/dingjunqing/Desktop/Lirix/.venv_ci312/lib/python3.12/site-packages/toolz/curried/exceptions.py
would reformat /Users/dingjunqing/Desktop/Lirix/.venv_ci312/lib/python3.12/site-packages/rlp/codec.py
would reformat /Users/dingjunqing/Desktop/Lirix/.venv_ci312/lib/python3.12/site-packages/toolz/curried/operator.py
would reformat /Users/dingjunqing/Desktop/Lirix/.venv_ci312/lib/python3.12/site-packages/toolz/curried/__init__.py
would reformat /Users/dingjunqing/Desktop/Lirix/.venv_ci312/lib/python3.12/site-packages/rich/text.py
would reformat /Users/dingjunqing/Desktop/Lirix/.venv_ci312/lib/python3.12/site-packages/toolz/recipes.py
would reformat /Users/dingjunqing/Desktop/Lirix/.venv_ci312/lib/python3.12/site-packages/tomli_w/_writer.py
would reformat /Users/dingjunqing/Desktop/Lirix/.venv_ci312/lib/python3.12/site-packages/toolz/dicttoolz.py
would reformat /Users/dingjunqing/Desktop/Lirix/.venv_ci312/lib/python3.12/site-packages/toolz/sandbox/parallel.py
would reformat /Users/dingjunqing/Desktop/Lirix/.venv_ci312/lib/python3.12/site-packages/toolz/sandbox/tests/test_parallel.py
would reformat /Users/dingjunqing/Desktop/Lirix/.venv_ci312/lib/python3.12/site-packages/toolz/tests/test_compatibility.py
would reformat /Users/dingjunqing/Desktop/Lirix/.venv_ci312/lib/python3.12/site-packages/toolz/sandbox/core.py
would reformat /Users/dingjunqing/Desktop/Lirix/.venv_ci312/lib/python3.12/site-packages/rlp/sedes/serializable.py
would reformat /Users/dingjunqing/Desktop/Lirix/.venv_ci312/lib/python3.12/site-packages/toolz/sandbox/tests/test_core.py
would reformat /Users/dingjunqing/Desktop/Lirix/.venv_ci312/lib/python3.12/site-packages/toolz/tests/test_curried.py
would reformat /Users/dingjunqing/Desktop/Lirix/.venv_ci312/lib/python3.12/site-packages/toolz/itertoolz.py
would reformat /Users/dingjunqing/Desktop/Lirix/.venv_ci312/lib/python3.12/site-packages/toolz/tests/test_recipes.py
would reformat /Users/dingjunqing/Desktop/Lirix/.venv_ci312/lib/python3.12/site-packages/toolz/tests/test_dicttoolz.py
would reformat /Users/dingjunqing/Desktop/Lirix/.venv_ci312/lib/python3.12/site-packages/toolz/functoolz.py
would reformat /Users/dingjunqing/Desktop/Lirix/.venv_ci312/lib/python3.12/site-packages/toolz/tests/test_tlz.py
would reformat /Users/dingjunqing/Desktop/Lirix/.venv_ci312/lib/python3.12/site-packages/toolz/utils.py
would reformat /Users/dingjunqing/Desktop/Lirix/.venv_ci312/lib/python3.12/site-packages/toolz/tests/test_serialization.py
would reformat /Users/dingjunqing/Desktop/Lirix/.venv_ci312/lib/python3.12/site-packages/toolz/tests/test_signatures.py
would reformat /Users/dingjunqing/Desktop/Lirix/.venv_ci312/lib/python3.12/site-packages/toolz/tests/test_inspect_args.py
would reformat /Users/dingjunqing/Desktop/Lirix/.venv_ci312/lib/python3.12/site-packages/tox/config/cli/env_var.py
would reformat /Users/dingjunqing/Desktop/Lirix/.venv_ci312/lib/python3.12/site-packages/tox/config/cli/parse.py
would reformat /Users/dingjunqing/Desktop/Lirix/.venv_ci312/lib/python3.12/site-packages/toolz/_signatures.py
would reformat /Users/dingjunqing/Desktop/Lirix/.venv_ci312/lib/python3.12/site-packages/toolz/tests/test_functoolz.py
would reformat /Users/dingjunqing/Desktop/Lirix/.venv_ci312/lib/python3.12/site-packages/tox/config/loader/ini/__init__.py
would reformat /Users/dingjunqing/Desktop/Lirix/.venv_ci312/lib/python3.12/site-packages/tox/config/cli/ini.py
would reformat /Users/dingjunqing/Desktop/Lirix/.venv_ci312/lib/python3.12/site-packages/tox/config/loader/memory.py
would reformat /Users/dingjunqing/Desktop/Lirix/.venv_ci312/lib/python3.12/site-packages/tox/config/loader/ini/factor.py
would reformat /Users/dingjunqing/Desktop/Lirix/.venv_ci312/lib/python3.12/site-packages/toolz/tests/test_itertoolz.py
would reformat /Users/dingjunqing/Desktop/Lirix/.venv_ci312/lib/python3.12/site-packages/tox/config/loader/convert.py
would reformat /Users/dingjunqing/Desktop/Lirix/.venv_ci312/lib/python3.12/site-packages/tox/config/loader/api.py
would reformat /Users/dingjunqing/Desktop/Lirix/.venv_ci312/lib/python3.12/site-packages/tox/config/loader/ini/replace.py
would reformat /Users/dingjunqing/Desktop/Lirix/.venv_ci312/lib/python3.12/site-packages/tox/config/loader/toml/_product.py
would reformat /Users/dingjunqing/Desktop/Lirix/.venv_ci312/lib/python3.12/site-packages/tox/config/loader/toml/__init__.py
would reformat /Users/dingjunqing/Desktop/Lirix/.venv_ci312/lib/python3.12/site-packages/tox/config/loader/replacer.py
would reformat /Users/dingjunqing/Desktop/Lirix/.venv_ci312/lib/python3.12/site-packages/tox/config/of_type.py
would reformat /Users/dingjunqing/Desktop/Lirix/.venv_ci312/lib/python3.12/site-packages/tox/config/main.py
would reformat /Users/dingjunqing/Desktop/Lirix/.venv_ci312/lib/python3.12/site-packages/tox/config/loader/str_convert.py
would reformat /Users/dingjunqing/Desktop/Lirix/.venv_ci312/lib/python3.12/site-packages/tox/config/types.py
would reformat /Users/dingjunqing/Desktop/Lirix/.venv_ci312/lib/python3.12/site-packages/tox/config/source/ini.py
would reformat /Users/dingjunqing/Desktop/Lirix/.venv_ci312/lib/python3.12/site-packages/tox/config/cli/parser.py
would reformat /Users/dingjunqing/Desktop/Lirix/.venv_ci312/lib/python3.12/site-packages/tox/execute/local_sub_process/read_via_thread.py
would reformat /Users/dingjunqing/Desktop/Lirix/.venv_ci312/lib/python3.12/site-packages/regex/_regex_core.py
would reformat /Users/dingjunqing/Desktop/Lirix/.venv_ci312/lib/python3.12/site-packages/tox/config/loader/toml/_replace.py
would reformat /Users/dingjunqing/Desktop/Lirix/.venv_ci312/lib/python3.12/site-packages/tox/execute/local_sub_process/read_via_thread_windows.py
would reformat /Users/dingjunqing/Desktop/Lirix/.venv_ci312/lib/python3.12/site-packages/tox/execute/local_sub_process/read_via_thread_unix.py
would reformat /Users/dingjunqing/Desktop/Lirix/.venv_ci312/lib/python3.12/site-packages/tox/journal/__init__.py
would reformat /Users/dingjunqing/Desktop/Lirix/.venv_ci312/lib/python3.12/site-packages/tox/config/set_env.py
would reformat /Users/dingjunqing/Desktop/Lirix/.venv_ci312/lib/python3.12/site-packages/tox/config/source/toml_pyproject.py
would reformat /Users/dingjunqing/Desktop/Lirix/.venv_ci312/lib/python3.12/site-packages/tox/execute/pep517_backend.py
would reformat /Users/dingjunqing/Desktop/Lirix/.venv_ci312/lib/python3.12/site-packages/tox/execute/api.py
would reformat /Users/dingjunqing/Desktop/Lirix/.venv_ci312/lib/python3.12/site-packages/tox/execute/stream.py
would reformat /Users/dingjunqing/Desktop/Lirix/.venv_ci312/lib/python3.12/site-packages/tox/run.py
would reformat /Users/dingjunqing/Desktop/Lirix/.venv_ci312/lib/python3.12/site-packages/tox/plugin/manager.py
would reformat /Users/dingjunqing/Desktop/Lirix/.venv_ci312/lib/python3.12/site-packages/tox/session/cmd/devenv.py
would reformat /Users/dingjunqing/Desktop/Lirix/.venv_ci312/lib/python3.12/site-packages/tox/session/cmd/exec_.py
would reformat /Users/dingjunqing/Desktop/Lirix/.venv_ci312/lib/python3.12/site-packages/tox/session/cmd/list_env.py
would reformat /Users/dingjunqing/Desktop/Lirix/.venv_ci312/lib/python3.12/site-packages/tox/provision.py
would reformat /Users/dingjunqing/Desktop/Lirix/.venv_ci312/lib/python3.12/site-packages/tox/session/cmd/legacy.py
would reformat /Users/dingjunqing/Desktop/Lirix/.venv_ci312/lib/python3.12/site-packages/tox/execute/local_sub_process/__init__.py
would reformat /Users/dingjunqing/Desktop/Lirix/.venv_ci312/lib/python3.12/site-packages/tox/session/cmd/man.py
would reformat /Users/dingjunqing/Desktop/Lirix/.venv_ci312/lib/python3.12/site-packages/tox/session/cmd/run/parallel.py
would reformat /Users/dingjunqing/Desktop/Lirix/.venv_ci312/lib/python3.12/site-packages/tox/session/cmd/version_flag.py
would reformat /Users/dingjunqing/Desktop/Lirix/.venv_ci312/lib/python3.12/site-packages/tox/session/cmd/run/single.py
would reformat /Users/dingjunqing/Desktop/Lirix/.venv_ci312/lib/python3.12/site-packages/tox/report.py
would reformat /Users/dingjunqing/Desktop/Lirix/.venv_ci312/lib/python3.12/site-packages/tox/session/cmd/show_config/ini.py
would reformat /Users/dingjunqing/Desktop/Lirix/.venv_ci312/lib/python3.12/site-packages/tox/tox_env/package.py
would reformat /Users/dingjunqing/Desktop/Lirix/.venv_ci312/lib/python3.12/site-packages/tox/session/cmd/schema.py
would reformat /Users/dingjunqing/Desktop/Lirix/.venv_ci312/lib/python3.12/site-packages/tox/tox_env/python/package.py
would reformat /Users/dingjunqing/Desktop/Lirix/.venv_ci312/lib/python3.12/site-packages/tox/tox_env/python/api.py
would reformat /Users/dingjunqing/Desktop/Lirix/.venv_ci312/lib/python3.12/site-packages/tox/config/sets.py
would reformat /Users/dingjunqing/Desktop/Lirix/.venv_ci312/lib/python3.12/site-packages/tox/pytest.py
would reformat /Users/dingjunqing/Desktop/Lirix/.venv_ci312/lib/python3.12/site-packages/tox/tox_env/python/pep723.py
would reformat /Users/dingjunqing/Desktop/Lirix/.venv_ci312/lib/python3.12/site-packages/tox/tox_env/python/dependency_groups.py
would reformat /Users/dingjunqing/Desktop/Lirix/.venv_ci312/lib/python3.12/site-packages/tox/tox_env/python/pip/req/args.py
would reformat /Users/dingjunqing/Desktop/Lirix/.venv_ci312/lib/python3.12/site-packages/tox/tox_env/python/runner.py
would reformat /Users/dingjunqing/Desktop/Lirix/.venv_ci312/lib/python3.12/site-packages/tox/session/env_select.py
would reformat /Users/dingjunqing/Desktop/Lirix/.venv_ci312/lib/python3.12/site-packages/tox/tox_env/api.py
would reformat /Users/dingjunqing/Desktop/Lirix/.venv_ci312/lib/python3.12/site-packages/tox/tox_env/python/virtual_env/api.py
would reformat /Users/dingjunqing/Desktop/Lirix/.venv_ci312/lib/python3.12/site-packages/tox/tox_env/python/virtual_env/package/util.py
would reformat /Users/dingjunqing/Desktop/Lirix/.venv_ci312/lib/python3.12/site-packages/tox/tox_env/python/pip/req_file.py
would reformat /Users/dingjunqing/Desktop/Lirix/.venv_ci312/lib/python3.12/site-packages/tox/util/redact.py
would reformat /Users/dingjunqing/Desktop/Lirix/.venv_ci312/lib/python3.12/site-packages/tox/tox_env/python/pip/pip_install.py
would reformat /Users/dingjunqing/Desktop/Lirix/.venv_ci312/lib/python3.12/site-packages/tox/tox_env/python/virtual_env/package/cmd_builder.py
would reformat /Users/dingjunqing/Desktop/Lirix/.venv_ci312/lib/python3.12/site-packages/tox/version.py
would reformat /Users/dingjunqing/Desktop/Lirix/.venv_ci312/lib/python3.12/site-packages/tox/session/cmd/run/common.py
would reformat /Users/dingjunqing/Desktop/Lirix/.venv_ci312/lib/python3.12/site-packages/twine/cli.py
would reformat /Users/dingjunqing/Desktop/Lirix/.venv_ci312/lib/python3.12/site-packages/twine/commands/__init__.py
would reformat /Users/dingjunqing/Desktop/Lirix/.venv_ci312/lib/python3.12/site-packages/tox/tox_env/python/pip/req/file.py
would reformat /Users/dingjunqing/Desktop/Lirix/.venv_ci312/lib/python3.12/site-packages/twine/commands/register.py
would reformat /Users/dingjunqing/Desktop/Lirix/.venv_ci312/lib/python3.12/site-packages/twine/commands/check.py
would reformat /Users/dingjunqing/Desktop/Lirix/.venv_ci312/lib/python3.12/site-packages/tox/tox_env/python/virtual_env/subprocess_adapter.py
would reformat /Users/dingjunqing/Desktop/Lirix/.venv_ci312/lib/python3.12/site-packages/twine/commands/upload.py
would reformat /Users/dingjunqing/Desktop/Lirix/.venv_ci312/lib/python3.12/site-packages/twine/exceptions.py
would reformat /Users/dingjunqing/Desktop/Lirix/.venv_ci312/lib/python3.12/site-packages/tox/tox_env/runner.py
would reformat /Users/dingjunqing/Desktop/Lirix/.venv_ci312/lib/python3.12/site-packages/twine/sdist.py
would reformat /Users/dingjunqing/Desktop/Lirix/.venv_ci312/lib/python3.12/site-packages/tox/util/spinner.py
would reformat /Users/dingjunqing/Desktop/Lirix/.venv_ci312/lib/python3.12/site-packages/twine/auth.py
would reformat /Users/dingjunqing/Desktop/Lirix/.venv_ci312/lib/python3.12/site-packages/twine/repository.py
would reformat /Users/dingjunqing/Desktop/Lirix/.venv_ci312/lib/python3.12/site-packages/tox/tox_env/python/virtual_env/package/pyproject.py
would reformat /Users/dingjunqing/Desktop/Lirix/.venv_ci312/lib/python3.12/site-packages/twine/utils.py
would reformat /Users/dingjunqing/Desktop/Lirix/.venv_ci312/lib/python3.12/site-packages/twine/wheel.py
would reformat /Users/dingjunqing/Desktop/Lirix/.venv_ci312/lib/python3.12/site-packages/twine/package.py
would reformat /Users/dingjunqing/Desktop/Lirix/.venv_ci312/lib/python3.12/site-packages/typing_inspection/typing_objects.pyi
would reformat /Users/dingjunqing/Desktop/Lirix/.venv_ci312/lib/python3.12/site-packages/typing_inspection/typing_objects.py
would reformat /Users/dingjunqing/Desktop/Lirix/.venv_ci312/lib/python3.12/site-packages/typing_inspection/introspection.py
would reformat /Users/dingjunqing/Desktop/Lirix/.venv_ci312/lib/python3.12/site-packages/urllib3/_base_connection.py
would reformat /Users/dingjunqing/Desktop/Lirix/.venv_ci312/lib/python3.12/site-packages/urllib3/_request_methods.py
would reformat /Users/dingjunqing/Desktop/Lirix/.venv_ci312/lib/python3.12/site-packages/urllib3/_collections.py
would reformat /Users/dingjunqing/Desktop/Lirix/.venv_ci312/lib/python3.12/site-packages/urllib3/_version.py
would reformat /Users/dingjunqing/Desktop/Lirix/.venv_ci312/lib/python3.12/site-packages/twine/settings.py
would reformat /Users/dingjunqing/Desktop/Lirix/.venv_ci312/lib/python3.12/site-packages/urllib3/contrib/emscripten/connection.py
would reformat /Users/dingjunqing/Desktop/Lirix/.venv_ci312/lib/python3.12/site-packages/urllib3/contrib/emscripten/response.py
would reformat /Users/dingjunqing/Desktop/Lirix/.venv_ci312/lib/python3.12/site-packages/urllib3/contrib/socks.py
would reformat /Users/dingjunqing/Desktop/Lirix/.venv_ci312/lib/python3.12/site-packages/urllib3/exceptions.py
would reformat /Users/dingjunqing/Desktop/Lirix/.venv_ci312/lib/python3.12/site-packages/urllib3/http2/probe.py
would reformat /Users/dingjunqing/Desktop/Lirix/.venv_ci312/lib/python3.12/site-packages/urllib3/contrib/emscripten/fetch.py
would reformat /Users/dingjunqing/Desktop/Lirix/.venv_ci312/lib/python3.12/site-packages/urllib3/fields.py
would reformat /Users/dingjunqing/Desktop/Lirix/.venv_ci312/lib/python3.12/site-packages/urllib3/util/connection.py
would reformat /Users/dingjunqing/Desktop/Lirix/.venv_ci312/lib/python3.12/site-packages/urllib3/util/proxy.py
would reformat /Users/dingjunqing/Desktop/Lirix/.venv_ci312/lib/python3.12/site-packages/urllib3/http2/connection.py
would reformat /Users/dingjunqing/Desktop/Lirix/.venv_ci312/lib/python3.12/site-packages/urllib3/connectionpool.py
would reformat /Users/dingjunqing/Desktop/Lirix/.venv_ci312/lib/python3.12/site-packages/urllib3/util/response.py
would reformat /Users/dingjunqing/Desktop/Lirix/.venv_ci312/lib/python3.12/site-packages/urllib3/contrib/pyopenssl.py
would reformat /Users/dingjunqing/Desktop/Lirix/.venv_ci312/lib/python3.12/site-packages/urllib3/util/ssl_match_hostname.py
would reformat /Users/dingjunqing/Desktop/Lirix/.venv_ci312/lib/python3.12/site-packages/regex/tests/test_regex.py
would reformat /Users/dingjunqing/Desktop/Lirix/.venv_ci312/lib/python3.12/site-packages/urllib3/util/request.py
would reformat /Users/dingjunqing/Desktop/Lirix/.venv_ci312/lib/python3.12/site-packages/urllib3/util/timeout.py
would reformat /Users/dingjunqing/Desktop/Lirix/.venv_ci312/lib/python3.12/site-packages/urllib3/util/util.py
would reformat /Users/dingjunqing/Desktop/Lirix/.venv_ci312/lib/python3.12/site-packages/urllib3/poolmanager.py
would reformat /Users/dingjunqing/Desktop/Lirix/.venv_ci312/lib/python3.12/site-packages/virtualenv/activation/activator.py
would reformat /Users/dingjunqing/Desktop/Lirix/.venv_ci312/lib/python3.12/site-packages/urllib3/connection.py
would reformat /Users/dingjunqing/Desktop/Lirix/.venv_ci312/lib/python3.12/site-packages/virtualenv/activation/bash/__init__.py
would reformat /Users/dingjunqing/Desktop/Lirix/.venv_ci312/lib/python3.12/site-packages/virtualenv/activation/fish/__init__.py
would reformat /Users/dingjunqing/Desktop/Lirix/.venv_ci312/lib/python3.12/site-packages/virtualenv/activation/batch/__init__.py
would reformat /Users/dingjunqing/Desktop/Lirix/.venv_ci312/lib/python3.12/site-packages/virtualenv/__main__.py
would reformat /Users/dingjunqing/Desktop/Lirix/.venv_ci312/lib/python3.12/site-packages/virtualenv/activation/python/__init__.py
would reformat /Users/dingjunqing/Desktop/Lirix/.venv_ci312/lib/python3.12/site-packages/virtualenv/activation/xonsh/__init__.py
would reformat /Users/dingjunqing/Desktop/Lirix/.venv_ci312/lib/python3.12/site-packages/virtualenv/activation/python/activate_this.py
would reformat /Users/dingjunqing/Desktop/Lirix/.venv_ci312/lib/python3.12/site-packages/urllib3/util/retry.py
would reformat /Users/dingjunqing/Desktop/Lirix/.venv_ci312/lib/python3.12/site-packages/virtualenv/app_data/na.py
would reformat /Users/dingjunqing/Desktop/Lirix/.venv_ci312/lib/python3.12/site-packages/virtualenv/app_data/__init__.py
would reformat /Users/dingjunqing/Desktop/Lirix/.venv_ci312/lib/python3.12/site-packages/virtualenv/activation/via_template.py
would reformat /Users/dingjunqing/Desktop/Lirix/.venv_ci312/lib/python3.12/site-packages/virtualenv/config/ini.py
would reformat /Users/dingjunqing/Desktop/Lirix/.venv_ci312/lib/python3.12/site-packages/virtualenv/config/cli/parser.py
would reformat /Users/dingjunqing/Desktop/Lirix/.venv_ci312/lib/python3.12/site-packages/virtualenv/app_data/via_disk_folder.py
would reformat /Users/dingjunqing/Desktop/Lirix/.venv_ci312/lib/python3.12/site-packages/virtualenv/create/debug.py
would reformat /Users/dingjunqing/Desktop/Lirix/.venv_ci312/lib/python3.12/site-packages/virtualenv/create/describe.py
would reformat /Users/dingjunqing/Desktop/Lirix/.venv_ci312/lib/python3.12/site-packages/virtualenv/create/pyenv_cfg.py
would reformat /Users/dingjunqing/Desktop/Lirix/.venv_ci312/lib/python3.12/site-packages/urllib3/util/url.py
would reformat /Users/dingjunqing/Desktop/Lirix/.venv_ci312/lib/python3.12/site-packages/virtualenv/create/creator.py
would reformat /Users/dingjunqing/Desktop/Lirix/.venv_ci312/lib/python3.12/site-packages/virtualenv/create/via_global_ref/_virtualenv.py
would reformat /Users/dingjunqing/Desktop/Lirix/.venv_ci312/lib/python3.12/site-packages/urllib3/util/ssl_.py
would reformat /Users/dingjunqing/Desktop/Lirix/.venv_ci312/lib/python3.12/site-packages/virtualenv/create/via_global_ref/builtin/cpython/common.py
would reformat /Users/dingjunqing/Desktop/Lirix/.venv_ci312/lib/python3.12/site-packages/virtualenv/create/via_global_ref/builtin/pypy/common.py
would reformat /Users/dingjunqing/Desktop/Lirix/.venv_ci312/lib/python3.12/site-packages/virtualenv/create/via_global_ref/builtin/rustpython/__init__.py
would reformat /Users/dingjunqing/Desktop/Lirix/.venv_ci312/lib/python3.12/site-packages/virtualenv/create/via_global_ref/builtin/cpython/cpython3.py
would reformat /Users/dingjunqing/Desktop/Lirix/.venv_ci312/lib/python3.12/site-packages/virtualenv/create/via_global_ref/store.py
would reformat /Users/dingjunqing/Desktop/Lirix/.venv_ci312/lib/python3.12/site-packages/virtualenv/create/via_global_ref/api.py
would reformat /Users/dingjunqing/Desktop/Lirix/.venv_ci312/lib/python3.12/site-packages/virtualenv/create/via_global_ref/builtin/graalpy/__init__.py
would reformat /Users/dingjunqing/Desktop/Lirix/.venv_ci312/lib/python3.12/site-packages/virtualenv/run/plugin/activators.py
would reformat /Users/dingjunqing/Desktop/Lirix/.venv_ci312/lib/python3.12/site-packages/virtualenv/create/via_global_ref/builtin/via_global_self_do.py
would reformat /Users/dingjunqing/Desktop/Lirix/.venv_ci312/lib/python3.12/site-packages/virtualenv/create/via_global_ref/venv.py
would reformat /Users/dingjunqing/Desktop/Lirix/.venv_ci312/lib/python3.12/site-packages/virtualenv/run/plugin/base.py
would reformat /Users/dingjunqing/Desktop/Lirix/.venv_ci312/lib/python3.12/site-packages/virtualenv/create/via_global_ref/builtin/cpython/mac_os.py
would reformat /Users/dingjunqing/Desktop/Lirix/.venv_ci312/lib/python3.12/site-packages/virtualenv/run/plugin/creators.py
would reformat /Users/dingjunqing/Desktop/Lirix/.venv_ci312/lib/python3.12/site-packages/virtualenv/seed/embed/pip_invoke.py
would reformat /Users/dingjunqing/Desktop/Lirix/.venv_ci312/lib/python3.12/site-packages/virtualenv/run/__init__.py
would reformat /Users/dingjunqing/Desktop/Lirix/.venv_ci312/lib/python3.12/site-packages/virtualenv/seed/embed/base_embed.py
would reformat /Users/dingjunqing/Desktop/Lirix/.venv_ci312/lib/python3.12/site-packages/virtualenv/seed/embed/via_app_data/pip_install/copy.py
would reformat /Users/dingjunqing/Desktop/Lirix/.venv_ci312/lib/python3.12/site-packages/urllib3/response.py
would reformat /Users/dingjunqing/Desktop/Lirix/.venv_ci312/lib/python3.12/site-packages/virtualenv/seed/seeder.py
would reformat /Users/dingjunqing/Desktop/Lirix/.venv_ci312/lib/python3.12/site-packages/virtualenv/create/via_global_ref/builtin/ref.py
would reformat /Users/dingjunqing/Desktop/Lirix/.venv_ci312/lib/python3.12/site-packages/virtualenv/seed/embed/via_app_data/pip_install/symlink.py
would reformat /Users/dingjunqing/Desktop/Lirix/.venv_ci312/lib/python3.12/site-packages/virtualenv/seed/wheels/bundle.py
would reformat /Users/dingjunqing/Desktop/Lirix/.venv_ci312/lib/python3.12/site-packages/virtualenv/config/convert.py
would reformat /Users/dingjunqing/Desktop/Lirix/.venv_ci312/lib/python3.12/site-packages/virtualenv/util/path/_win.py
would reformat /Users/dingjunqing/Desktop/Lirix/.venv_ci312/lib/python3.12/site-packages/virtualenv/version.py
would reformat /Users/dingjunqing/Desktop/Lirix/.venv_ci312/lib/python3.12/site-packages/virtualenv/seed/embed/via_app_data/pip_install/base.py
would reformat /Users/dingjunqing/Desktop/Lirix/.venv_ci312/lib/python3.12/site-packages/virtualenv/seed/wheels/util.py
would reformat /Users/dingjunqing/Desktop/Lirix/.venv_ci312/lib/python3.12/site-packages/virtualenv/util/lock.py
would reformat /Users/dingjunqing/Desktop/Lirix/.venv_ci312/lib/python3.12/site-packages/virtualenv/seed/wheels/acquire.py
would reformat /Users/dingjunqing/Desktop/Lirix/.venv_ci312/lib/python3.12/site-packages/virtualenv/seed/embed/via_app_data/via_app_data.py
would reformat /Users/dingjunqing/Desktop/Lirix/.venv_ci312/lib/python3.12/site-packages/web3/_utils/contract_sources/compile_contracts.py
would reformat /Users/dingjunqing/Desktop/Lirix/.venv_ci312/lib/python3.12/site-packages/web3/_utils/async_transactions.py
would reformat /Users/dingjunqing/Desktop/Lirix/.venv_ci312/lib/python3.12/site-packages/web3/_utils/contract_sources/contract_data/arrays_contract.py
would reformat /Users/dingjunqing/Desktop/Lirix/.venv_ci312/lib/python3.12/site-packages/web3/_utils/caching/request_caching_validation.py
would reformat /Users/dingjunqing/Desktop/Lirix/.venv_ci312/lib/python3.12/site-packages/web3/_utils/contract_sources/contract_data/offchain_lookup.py
would reformat /Users/dingjunqing/Desktop/Lirix/.venv_ci312/lib/python3.12/site-packages/web3/_utils/caching/caching_utils.py
would reformat /Users/dingjunqing/Desktop/Lirix/.venv_ci312/lib/python3.12/site-packages/web3/_utils/contract_sources/contract_data/revert_contract.py
would reformat /Users/dingjunqing/Desktop/Lirix/.venv_ci312/lib/python3.12/site-packages/pyunormalize/_unicode_data.py
would reformat /Users/dingjunqing/Desktop/Lirix/.venv_ci312/lib/python3.12/site-packages/web3/_utils/batching.py
would reformat /Users/dingjunqing/Desktop/Lirix/.venv_ci312/lib/python3.12/site-packages/virtualenv/seed/wheels/periodic_update.py
would reformat /Users/dingjunqing/Desktop/Lirix/.venv_ci312/lib/python3.12/site-packages/web3/_utils/fee_utils.py
would reformat /Users/dingjunqing/Desktop/Lirix/.venv_ci312/lib/python3.12/site-packages/web3/_utils/ens.py
would reformat /Users/dingjunqing/Desktop/Lirix/.venv_ci312/lib/python3.12/site-packages/web3/_utils/error_formatters_utils.py
would reformat /Users/dingjunqing/Desktop/Lirix/.venv_ci312/lib/python3.12/site-packages/web3/_utils/formatters.py
would reformat /Users/dingjunqing/Desktop/Lirix/.venv_ci312/lib/python3.12/site-packages/web3/_utils/math.py
would reformat /Users/dingjunqing/Desktop/Lirix/.venv_ci312/lib/python3.12/site-packages/web3/_utils/contract_sources/contract_data/emitter_contract.py
would reformat /Users/dingjunqing/Desktop/Lirix/.venv_ci312/lib/python3.12/site-packages/web3/_utils/abi.py
would reformat /Users/dingjunqing/Desktop/Lirix/.venv_ci312/lib/python3.12/site-packages/web3/_utils/contracts.py
would reformat /Users/dingjunqing/Desktop/Lirix/.venv_ci312/lib/python3.12/site-packages/web3/_utils/module.py
would reformat /Users/dingjunqing/Desktop/Lirix/.venv_ci312/lib/python3.12/site-packages/web3/_utils/module_testing/go_ethereum_debug_module.py
would reformat /Users/dingjunqing/Desktop/Lirix/.venv_ci312/lib/python3.12/site-packages/web3/_utils/module_testing/module_testing_utils.py
would reformat /Users/dingjunqing/Desktop/Lirix/.venv_ci312/lib/python3.12/site-packages/web3/_utils/filters.py
would reformat /Users/dingjunqing/Desktop/Lirix/.venv_ci312/lib/python3.12/site-packages/web3/_utils/encoding.py
would reformat /Users/dingjunqing/Desktop/Lirix/.venv_ci312/lib/python3.12/site-packages/web3/_utils/http_session_manager.py
would reformat /Users/dingjunqing/Desktop/Lirix/.venv_ci312/lib/python3.12/site-packages/typing_extensions.py
would reformat /Users/dingjunqing/Desktop/Lirix/.venv_ci312/lib/python3.12/site-packages/web3/_utils/normalizers.py
would reformat /Users/dingjunqing/Desktop/Lirix/.venv_ci312/lib/python3.12/site-packages/web3/_utils/threads.py
would reformat /Users/dingjunqing/Desktop/Lirix/.venv_ci312/lib/python3.12/site-packages/web3/_utils/rpc_abi.py
would reformat /Users/dingjunqing/Desktop/Lirix/.venv_ci312/lib/python3.12/site-packages/web3/_utils/events.py
would reformat /Users/dingjunqing/Desktop/Lirix/.venv_ci312/lib/python3.12/site-packages/web3/_utils/utility_methods.py
would reformat /Users/dingjunqing/Desktop/Lirix/.venv_ci312/lib/python3.12/site-packages/web3/_utils/module_testing/utils.py
would reformat /Users/dingjunqing/Desktop/Lirix/.venv_ci312/lib/python3.12/site-packages/web3/_utils/transactions.py
would reformat /Users/dingjunqing/Desktop/Lirix/.venv_ci312/lib/python3.12/site-packages/web3/beacon/beacon.py
would reformat /Users/dingjunqing/Desktop/Lirix/.venv_ci312/lib/python3.12/site-packages/web3/_utils/validation.py
would reformat /Users/dingjunqing/Desktop/Lirix/.venv_ci312/lib/python3.12/site-packages/web3/beacon/async_beacon.py
would reformat /Users/dingjunqing/Desktop/Lirix/.venv_ci312/lib/python3.12/site-packages/web3/contract/async_contract.py
would reformat /Users/dingjunqing/Desktop/Lirix/.venv_ci312/lib/python3.12/site-packages/web3/_utils/module_testing/web3_module.py
would reformat /Users/dingjunqing/Desktop/Lirix/.venv_ci312/lib/python3.12/site-packages/web3/datastructures.py
would reformat /Users/dingjunqing/Desktop/Lirix/.venv_ci312/lib/python3.12/site-packages/web3/contract/utils.py
would reformat /Users/dingjunqing/Desktop/Lirix/.venv_ci312/lib/python3.12/site-packages/web3/gas_strategies/rpc.py
would reformat /Users/dingjunqing/Desktop/Lirix/.venv_ci312/lib/python3.12/site-packages/web3/eth/base_eth.py
would reformat /Users/dingjunqing/Desktop/Lirix/.venv_ci312/lib/python3.12/site-packages/web3/_utils/method_formatters.py
would reformat /Users/dingjunqing/Desktop/Lirix/.venv_ci312/lib/python3.12/site-packages/web3/exceptions.py
would reformat /Users/dingjunqing/Desktop/Lirix/.venv_ci312/lib/python3.12/site-packages/web3/_utils/module_testing/persistent_connection_provider.py
would reformat /Users/dingjunqing/Desktop/Lirix/.venv_ci312/lib/python3.12/site-packages/web3/contract/contract.py
would reformat /Users/dingjunqing/Desktop/Lirix/.venv_ci312/lib/python3.12/site-packages/web3/gas_strategies/time_based.py
would reformat /Users/dingjunqing/Desktop/Lirix/.venv_ci312/lib/python3.12/site-packages/web3/middleware/attrdict.py
would reformat /Users/dingjunqing/Desktop/Lirix/.venv_ci312/lib/python3.12/site-packages/web3/geth.py
would reformat /Users/dingjunqing/Desktop/Lirix/.venv_ci312/lib/python3.12/site-packages/web3/middleware/base.py
would reformat /Users/dingjunqing/Desktop/Lirix/.venv_ci312/lib/python3.12/site-packages/web3/eth/async_eth.py
would reformat /Users/dingjunqing/Desktop/Lirix/.venv_ci312/lib/python3.12/site-packages/web3/middleware/gas_price_strategy.py
would reformat /Users/dingjunqing/Desktop/Lirix/.venv_ci312/lib/python3.12/site-packages/web3/middleware/formatting.py
would reformat /Users/dingjunqing/Desktop/Lirix/.venv_ci312/lib/python3.12/site-packages/web3/middleware/proof_of_authority.py
would reformat /Users/dingjunqing/Desktop/Lirix/.venv_ci312/lib/python3.12/site-packages/web3/eth/eth.py
would reformat /Users/dingjunqing/Desktop/Lirix/.venv_ci312/lib/python3.12/site-packages/web3/middleware/names.py
would reformat /Users/dingjunqing/Desktop/Lirix/.venv_ci312/lib/python3.12/site-packages/web3/method.py
would reformat /Users/dingjunqing/Desktop/Lirix/.venv_ci312/lib/python3.12/site-packages/web3/middleware/signing.py
would reformat /Users/dingjunqing/Desktop/Lirix/.venv_ci312/lib/python3.12/site-packages/web3/providers/auto.py
would reformat /Users/dingjunqing/Desktop/Lirix/.venv_ci312/lib/python3.12/site-packages/web3/module.py
would reformat /Users/dingjunqing/Desktop/Lirix/.venv_ci312/lib/python3.12/site-packages/web3/manager.py
would reformat /Users/dingjunqing/Desktop/Lirix/.venv_ci312/lib/python3.12/site-packages/web3/contract/base_contract.py
would reformat /Users/dingjunqing/Desktop/Lirix/.venv_ci312/lib/python3.12/site-packages/web3/providers/async_base.py
would reformat /Users/dingjunqing/Desktop/Lirix/.venv_ci312/lib/python3.12/site-packages/web3/middleware/validation.py
would reformat /Users/dingjunqing/Desktop/Lirix/.venv_ci312/lib/python3.12/site-packages/web3/main.py
would reformat /Users/dingjunqing/Desktop/Lirix/.venv_ci312/lib/python3.12/site-packages/web3/providers/legacy_websocket.py
would reformat /Users/dingjunqing/Desktop/Lirix/.venv_ci312/lib/python3.12/site-packages/web3/providers/eth_tester/main.py
would reformat /Users/dingjunqing/Desktop/Lirix/.venv_ci312/lib/python3.12/site-packages/web3/middleware/filter.py
would reformat /Users/dingjunqing/Desktop/Lirix/.venv_ci312/lib/python3.12/site-packages/web3/providers/persistent/async_ipc.py
would reformat /Users/dingjunqing/Desktop/Lirix/.venv_ci312/lib/python3.12/site-packages/web3/providers/base.py
would reformat /Users/dingjunqing/Desktop/Lirix/.venv_ci312/lib/python3.12/site-packages/web3/providers/eth_tester/defaults.py
would reformat /Users/dingjunqing/Desktop/Lirix/.venv_ci312/lib/python3.12/site-packages/web3/providers/eth_tester/middleware.py
would reformat /Users/dingjunqing/Desktop/Lirix/.venv_ci312/lib/python3.12/site-packages/web3/providers/persistent/websocket.py
would reformat /Users/dingjunqing/Desktop/Lirix/.venv_ci312/lib/python3.12/site-packages/web3/providers/rpc/rpc.py
would reformat /Users/dingjunqing/Desktop/Lirix/.venv_ci312/lib/python3.12/site-packages/web3/scripts/release/test_package.py
would reformat /Users/dingjunqing/Desktop/Lirix/.venv_ci312/lib/python3.12/site-packages/web3/providers/ipc.py
would reformat /Users/dingjunqing/Desktop/Lirix/.venv_ci312/lib/python3.12/site-packages/web3/tracing.py
would reformat /Users/dingjunqing/Desktop/Lirix/.venv_ci312/lib/python3.12/site-packages/web3/providers/persistent/subscription_container.py
would reformat /Users/dingjunqing/Desktop/Lirix/.venv_ci312/lib/python3.12/site-packages/web3/utils/address.py
would reformat /Users/dingjunqing/Desktop/Lirix/.venv_ci312/lib/python3.12/site-packages/web3/scripts/install_pre_releases.py
would reformat /Users/dingjunqing/Desktop/Lirix/.venv_ci312/lib/python3.12/site-packages/web3/utils/caching.py
would reformat /Users/dingjunqing/Desktop/Lirix/.venv_ci312/lib/python3.12/site-packages/web3/utils/async_exception_handling.py
would reformat /Users/dingjunqing/Desktop/Lirix/.venv_ci312/lib/python3.12/site-packages/web3/utils/exception_handling.py
would reformat /Users/dingjunqing/Desktop/Lirix/.venv_ci312/lib/python3.12/site-packages/web3/providers/persistent/persistent.py
would reformat /Users/dingjunqing/Desktop/Lirix/.venv_ci312/lib/python3.12/site-packages/web3/providers/persistent/subscription_manager.py
would reformat /Users/dingjunqing/Desktop/Lirix/.venv_ci312/lib/python3.12/site-packages/web3/utils/ccip_url_validation.py
would reformat /Users/dingjunqing/Desktop/Lirix/.venv_ci312/lib/python3.12/site-packages/web3/providers/persistent/request_processor.py
would reformat /Users/dingjunqing/Desktop/Lirix/.venv_ci312/lib/python3.12/site-packages/web3/providers/rpc/async_rpc.py
would reformat /Users/dingjunqing/Desktop/Lirix/.venv_ci312/lib/python3.12/site-packages/websockets/asyncio/router.py
would reformat /Users/dingjunqing/Desktop/Lirix/.venv_ci312/lib/python3.12/site-packages/websockets/asyncio/async_timeout.py
would reformat /Users/dingjunqing/Desktop/Lirix/.venv_ci312/lib/python3.12/site-packages/web3/utils/subscriptions.py
would reformat /Users/dingjunqing/Desktop/Lirix/.venv_ci312/lib/python3.12/site-packages/websockets/datastructures.py
would reformat /Users/dingjunqing/Desktop/Lirix/.venv_ci312/lib/python3.12/site-packages/web3/utils/abi.py
would reformat /Users/dingjunqing/Desktop/Lirix/.venv_ci312/lib/python3.12/site-packages/websockets/exceptions.py
would reformat /Users/dingjunqing/Desktop/Lirix/.venv_ci312/lib/python3.12/site-packages/websockets/client.py
would reformat /Users/dingjunqing/Desktop/Lirix/.venv_ci312/lib/python3.12/site-packages/websockets/legacy/exceptions.py
would reformat /Users/dingjunqing/Desktop/Lirix/.venv_ci312/lib/python3.12/site-packages/websockets/legacy/auth.py
would reformat /Users/dingjunqing/Desktop/Lirix/.venv_ci312/lib/python3.12/site-packages/websockets/asyncio/client.py
would reformat /Users/dingjunqing/Desktop/Lirix/.venv_ci312/lib/python3.12/site-packages/websockets/asyncio/server.py
would reformat /Users/dingjunqing/Desktop/Lirix/.venv_ci312/lib/python3.12/site-packages/websockets/headers.py
would reformat /Users/dingjunqing/Desktop/Lirix/.venv_ci312/lib/python3.12/site-packages/websockets/http11.py
would reformat /Users/dingjunqing/Desktop/Lirix/.venv_ci312/lib/python3.12/site-packages/websockets/asyncio/connection.py
would reformat /Users/dingjunqing/Desktop/Lirix/.venv_ci312/lib/python3.12/site-packages/websockets/legacy/client.py
would reformat /Users/dingjunqing/Desktop/Lirix/.venv_ci312/lib/python3.12/site-packages/websockets/sync/router.py
would reformat /Users/dingjunqing/Desktop/Lirix/.venv_ci312/lib/python3.12/site-packages/websockets/extensions/permessage_deflate.py
would reformat /Users/dingjunqing/Desktop/Lirix/.venv_ci312/lib/python3.12/site-packages/websockets/server.py
would reformat /Users/dingjunqing/Desktop/Lirix/.venv_ci312/lib/python3.12/site-packages/websockets/sync/client.py
would reformat /Users/dingjunqing/Desktop/Lirix/.venv_ci312/lib/python3.12/site-packages/websockets/sync/messages.py
would reformat /Users/dingjunqing/Desktop/Lirix/.venv_ci312/lib/python3.12/site-packages/yarl/_query.py
would reformat /Users/dingjunqing/Desktop/Lirix/lirix/core/client_components.py
would reformat /Users/dingjunqing/Desktop/Lirix/.venv_ci312/lib/python3.12/site-packages/yarl/_parse.py
would reformat /Users/dingjunqing/Desktop/Lirix/lirix/core/config_authority.py
would reformat /Users/dingjunqing/Desktop/Lirix/.venv_ci312/lib/python3.12/site-packages/websockets/legacy/server.py
would reformat /Users/dingjunqing/Desktop/Lirix/.venv_ci312/lib/python3.12/site-packages/websockets/sync/connection.py
would reformat /Users/dingjunqing/Desktop/Lirix/.venv_ci312/lib/python3.12/site-packages/websockets/legacy/protocol.py
would reformat /Users/dingjunqing/Desktop/Lirix/tests/test_core/test_chain_profile_config_fallback_updates.py
would reformat /Users/dingjunqing/Desktop/Lirix/tests/test_core/test_governance_coverage_closure_session.py
would reformat /Users/dingjunqing/Desktop/Lirix/tests/test_core/test_hook_trace_context_isolation.py
would reformat /Users/dingjunqing/Desktop/Lirix/lirix/layers/l3_proxy_piercer.py
would reformat /Users/dingjunqing/Desktop/Lirix/tests/test_layers/test_l4_rpc_manager_disagreement_report.py
would reformat /Users/dingjunqing/Desktop/Lirix/tests/test_layers/test_shadow_auditor_policy_bundle.py
would reformat /Users/dingjunqing/Desktop/Lirix/.venv_ci312/lib/python3.12/site-packages/yarl/_url.py
would reformat /Users/dingjunqing/Desktop/Lirix/lirix/_client_core.py
would reformat /Users/dingjunqing/Desktop/Lirix/.venv_ci312/lib/python3.12/site-packages/web3/_utils/module_testing/eth_module.py

Oh no! 💥 💔 💥
2448 files would be reformatted, 1716 files would be left unchanged, 8 files would fail to reformat.
